year	clipa	grid	dev_desc	species	strainname	nostocked	yreq	events
2002	0	0528	Fingerling	walleye	Wild	90000	36000	1
2002	0	0729	Fingerling	walleye	Wild	25000	10000	1
2002	0	0744	Fingerling	walleye	Wild	5000	2000	1
2002	0	0925	Fry	lake trout	Michipicoten	918188	18364	2
2002	0	1551	Fingerling	walleye	Moon River	67	27	1
2002	0	1736	Yearling	brown trout	Ganaraska River	6000	6000	2
2002	0	1835	Yearling	brown trout	Ganaraska River	7200	7200	3
2002	0	1937	Fingerling	brown trout	Ganaraska River	24600	9840	1
2002	0	1937	Fingerling	rainbow trout	Unknown	10025	4010	1
2002	0	2040	Fingerling	brown trout	Ganaraska River	61788	24715	1
2002	0	2135	Fry	rainbow trout	Wild	10000	200	1
2002	0	2135	Yearling	brown trout	Ganaraska River	9400	9400	5
2002	0	2139	Yearling	brown trout	Ganaraska River	20604	20604	1
2002	0	2143	Yearling	brown trout	Ganaraska River	13914	13914	1
2002	0	2234	Fingerling	rainbow trout	Wild	10000	4000	1
2002	0	2234	Fry	rainbow trout	Wild	110000	2200	11
2002	0	2234	Yearling	brown trout	Ganaraska River	15000	15000	5
2002	0	2245	Yearling	brown trout	Ganaraska River	15860	15860	1
2002	0	2247	Yearling	brown trout	Ganaraska River	10540	10540	2
2002	0	2248	Yearling	brown trout	Ganaraska River	4760	4760	1
2002	0	2432	Juvenile	brown trout	Ganaraska River	3000	3000	1
2002	0	2432	Yearling	brown trout	Ganaraska River	35159	35159	14
2002	0	2531	Yearling	brown trout	Ganaraska River	16723	16723	7
2002	0	2631	Sub-adult	rainbow trout	Wild	25	25	1
2002	0	2631	Yearling	brown trout	Ganaraska River	15000	15000	5
2002	0	2631	Yearling	rainbow trout	Wild	600	600	1
2002	0	2730	Yearling	brown trout	Ganaraska River	3000	3000	1
2002	0	2829	Yearling	brown trout	Ganaraska River	15651	15651	9
2002	0	3030	Fingerling	rainbow trout	Wild	25000	10000	4
2002	0	3030	Fry	rainbow trout	Wild	25000	500	1
2002	0	3230	Fry	rainbow trout	Wild	122000	2440	11
2002	1	0729	Fingerling	lake trout	Iroquois Bay	27400	10960	1
2002	1	2143	Yearling	brown trout	Ganaraska River	6419	6419	1
2002	1	2143	Yearling	rainbow trout	Wild	11180	11180	1
2002	1	2245	Juvenile	brown trout	Ganaraska River	9745	9745	1
2002	1	2245	Yearling	brown trout	Ganaraska River	9420	9420	1
2002	1	2245	Yearling	rainbow trout	Wild	11303	11303	1
2002	1	2247	Yearling	brown trout	Ganaraska River	8316	8316	1
2002	1	2248	Yearling	brown trout	Ganaraska River	22073	22073	3
2002	1	2248	Yearling	rainbow trout	Wild	11880	11880	1
2002	1	2250	Yearling	brown trout	Ganaraska River	6726	6726	1
2002	1	2250	Yearling	rainbow trout	Wild	9271	9271	1
2002	2	2250	Yearling	brown trout	Ganaraska River	11895	11895	1
2002	3	0105	Yearling	lake trout	Michipicoten	180207	180207	12
2002	3	0331	Yearling	lake trout	Iroquois Bay	3000	3000	1
2002	3	0430	Yearling	lake trout	Iroquois Bay	53009	53009	8
2002	3	0513	Fingerling	chinook salmon	Wild	50000	20000	1
2002	3	0521	Fingerling	chinook salmon	Wild	50000	20000	1
2002	3	0521	Yearling	lake trout	Iroquois Bay	60565	60565	11
2002	3	0729	Yearling	lake trout	Iroquois Bay	99996	99996	12
2002	3	0923	Yearling	lake trout	Michipicoten	176662	176662	9
2002	3	0927	Yearling	lake trout	Lake Manitou	14450	14450	2
2002	3	1349	Yearling	lake trout	Big Sound	5235	5235	1
2002	3	1749	Yearling	lake trout	Big Sound	63251	63251	2
2002	3	1835	Fingerling	chinook salmon	Wild	15400	6160	1
2002	3	1849	Yearling	lake trout	Big Sound	92225	92225	3
2002	3	1850	Yearling	lake trout	Big Sound	30690	30690	1
2002	3	1937	Fingerling	rainbow trout	Unknown	10000	4000	1
2002	3	1937	Yearling	rainbow trout	Unknown	12140	12140	1
2002	3	1949	Yearling	lake trout	Big Sound	86673	86673	2
2002	3	2043	Yearling	lake trout	Seneca Lake	32498	32498	1
2002	3	2135	Fingerling	chinook salmon	Wild	34200	13680	1
2002	3	2139	Yearling	lake trout	Big Sound	116106	116106	4
2002	3	2139	Yearling	lake trout	Seneca Lake	20510	20510	1
2002	3	2139	Yearling	rainbow trout	Wild	21600	21600	1
2002	3	2234	Fingerling	chinook salmon	Wild	155000	62000	3
2002	3	2531	Sub-adult	lake trout	Unknown	360	360	1
2002	3	2631	Fingerling	chinook salmon	Wild	59700	23880	1
2002	3	2631	Yearling	lake trout	Slate Island	196294	196294	7
2002	34	1937	Fingerling	chinook salmon	Wild	14152	5661	1
2002	34	2139	Fingerling	chinook salmon	Wild	177019	70808	2
2002	345	2139	Fingerling	chinook salmon	Wild	10000	4000	1
2002	4	1937	Fingerling	chinook salmon	Wild	14200	5680	1
2002	5	0521	Yearling	lake trout	Iroquois Bay	49957	49957	10
2002	5	1952	Yearling	brown trout	Ganaraska River	8712	8712	1
2002	5	2053	Yearling	brown trout	Ganaraska River	4356	4356	1
2002	5	2054	Yearling	brown trout	Ganaraska River	5969	5969	1
2002	5	2139	Yearling	lake trout	Big Sound	14610	14610	1
2002	5	2139	Yearling	lake trout	Seneca Lake	22500	22500	1
2002	5	2140	Yearling	lake trout	Big Sound	30538	30538	2
2002	5	2140	Yearling	lake trout	Seneca Lake	31955	31955	2
2002	5	2250	Yearling	brown trout	Ganaraska River	4356	4356	1
2002	5	2631	Yearling	lake trout	Slate Island	52674	52674	4
2003	0	0330	Fingerling	walleye	Wild	1100	440	1
2003	0	0528	Fingerling	walleye	Wild	68500	27400	1
2003	0	0729	Fingerling	walleye	Wild	7000	2800	1
2003	0	1736	Fingerling	rainbow trout	Wild	30000	12000	1
2003	0	1736	Yearling	brown trout	Ganaraska River	6000	6000	2
2003	0	1835	Yearling	brown trout	Ganaraska River	4200	4200	2
2003	0	1937	Yearling	brown trout	Ganaraska River	15000	15000	1
2003	0	2135	Fingerling	rainbow trout	Wild	10000	4000	1
2003	0	2135	Fry	rainbow trout	Wild	5000	100	1
2003	0	2135	Yearling	brown trout	Ganaraska River	7200	7200	3
2003	0	2139	Yearling	brown trout	Ganaraska River	29082	29082	1
2003	0	2143	Yearling	brown trout	Ganaraska River	4514	4514	1
2003	0	2234	Fingerling	rainbow trout	Wild	17500	7000	1
2003	0	2234	Fry	rainbow trout	Wild	113153	2263	9
2003	0	2234	Yearling	brown trout	Ganaraska River	9000	9000	3
2003	0	2245	Fingerling	chinook salmon	Wild	12100	4840	1
2003	0	2245	Yearling	brown trout	Ganaraska River	4834	4834	1
2003	0	2247	Yearling	rainbow trout	Wild	4970	4970	1
2003	0	2248	Fingerling	chinook salmon	Wild	1780	712	1
2003	0	2248	Yearling	brown trout	Ganaraska River	7157	7157	1
2003	0	2250	Yearling	brown trout	Ganaraska River	3973	3973	1
2003	0	2334	Yearling	brown trout	Ganaraska River	3000	3000	1
2003	0	2432	Yearling	brown trout	Ganaraska River	17918	17918	8
2003	0	2531	Yearling	brown trout	Ganaraska River	18043	18043	9
2003	0	2631	Yearling	brown trout	Ganaraska River	12000	12000	4
2003	0	2829	Yearling	brown trout	Ganaraska River	24644	24644	13
2003	0	3030	Fingerling	rainbow trout	Wild	28000	11200	4
2003	0	3230	Fingerling	rainbow trout	Wild	120000	48000	11
2003	0	3330	Fry	rainbow trout	Wild	26000	520	2
2003	0	3430	Fry	rainbow trout	Wild	52000	1040	4
2003	0	3925	Yearling	brown trout	Ganaraska River	5279	5279	2
2003	0	4022	Adult	rainbow trout	Domestic/Aquaculture	371	371	4
2003	0	4022	Yearling	brown trout	Ganaraska River	32137	32137	3
2003	1	0430	Yearling	lake trout	Iroquois Bay	34913	34913	3
2003	1	0521	Yearling	lake trout	Big Sound	76745	76745	6
2003	1	0521	Yearling	lake trout	Iroquois Bay	74184	74184	4
2003	1	0729	Yearling	lake trout	Iroquois Bay	57982	57982	5
2003	1	0831	Yearling	lake trout	Michipicoten	3287	3287	1
2003	1	0933	Yearling	lake trout	Michipicoten	180179	180179	2
2003	1	1244	Yearling	lake trout	Big Sound	139259	139259	5
2003	1	1246	Yearling	lake trout	Big Sound	162816	162816	5
2003	1	1330	Yearling	lake trout	Michipicoten	64786	64786	4
2003	1	1331	Yearling	lake trout	Michipicoten	198421	198421	7
2003	1	1535	Yearling	lake trout	Slate Island	55101	55101	2
2003	1	1736	Yearling	lake trout	Slate Island	60850	60850	1
2003	1	1939	Yearling	lake trout	Slate Island	59194	59194	2
2003	1	1952	Fingerling	walleye	Unknown	3978	1591	1
2003	1	2043	Yearling	lake trout	Big Sound	79066	79066	4
2003	1	2043	Yearling	lake trout	Seneca Lake	92595	92595	4
2003	1	2143	Yearling	rainbow trout	Wild	6019	6019	1
2003	1	2146	Yearling	lake trout	Slate Island	54529	54529	3
2003	1	2245	Adult	lake trout	Seneca Lake	326	326	1
2003	1	2245	Yearling	rainbow trout	Wild	21988	21988	3
2003	1	2246	Yearling	lake trout	Slate Island	21607	21607	1
2003	1	2247	Fingerling	rainbow trout	Wild	9119	3648	1
2003	1	2247	Yearling	rainbow trout	Wild	13442	13442	2
2003	1	2248	Yearling	rainbow trout	Wild	11898	11898	1
2003	1	2250	Yearling	rainbow trout	Wild	14410	14410	2
2003	1	2729	Yearling	lake trout	Slate Island	63606	63606	3
2003	1	2730	Yearling	lake trout	Slate Island	146913	146913	8
2003	15	1535	Yearling	lake trout	Slate Island	2955	2955	1
2003	2	0513	Fingerling	chinook salmon	Wild	50000	20000	1
2003	2	0521	Fingerling	chinook salmon	Wild	50000	20000	1
2003	2	1835	Fingerling	chinook salmon	Wild	16892	6757	1
2003	2	2135	Fingerling	chinook salmon	Wild	35670	14268	1
2003	2	2139	Fingerling	chinook salmon	Wild	175430	70172	1
2003	2	2234	Fingerling	chinook salmon	Wild	92297	36919	2
2003	2	2631	Fingerling	chinook salmon	Wild	44750	17900	1
2003	2	3828	Fingerling	chinook salmon	Wild	50010	20004	4
2003	2	3926	Fingerling	chinook salmon	Wild	35236	14095	4
2003	2	4022	Fingerling	chinook salmon	Wild	13532	5413	1
2003	2	4024	Fingerling	chinook salmon	Wild	9391	3756	1
2003	25	2139	Fingerling	chinook salmon	Wild	10180	4072	1
2003	3	0331	Adult	lake trout	Iroquois Bay	654	654	2
2003	3	0430	Fingerling	walleye	Wild	8980	3592	1
2003	3	1952	Yearling	brown trout	Ganaraska River	10098	10098	1
2003	3	2053	Yearling	brown trout	Ganaraska River	3188	3188	1
2003	3	2054	Yearling	brown trout	Ganaraska River	5049	5049	2
2003	3	2139	Yearling	rainbow trout	Wild	27158	27158	2
2003	3	2250	Yearling	brown trout	Ganaraska River	5048	5048	1
2003	3	3925	Fingerling	rainbow trout	Domestic/Aquaculture	4516	1807	3
2003	3	4022	Fingerling	rainbow trout	Domestic/Aquaculture	41464	16586	3
2003	4	1937	Yearling	rainbow trout	Wild	22920	22920	3
2003	4	2334	Yearling	rainbow trout	Domestic/Aquaculture	875	875	1
2003	5	0331	Yearling	lake trout	Iroquois Bay	3444	3444	1
2003	5	0430	Yearling	lake trout	Iroquois Bay	9352	9352	1
2003	5	0521	Yearling	lake trout	Big Sound	15641	15641	6
2003	5	0521	Yearling	lake trout	Iroquois Bay	1765	1765	1
2003	5	0729	Yearling	lake trout	Iroquois Bay	11227	11227	1
2003	5	0831	Yearling	lake trout	Michipicoten	278	278	1
2003	5	0927	Yearling	lake trout	Lake Manitou	9425	9425	1
2003	5	0933	Yearling	lake trout	Michipicoten	15209	15209	2
2003	5	1246	Yearling	lake trout	Big Sound	19266	19266	1
2003	5	1330	Yearling	lake trout	Michipicoten	9449	9449	1
2003	5	1349	Yearling	lake trout	Big Sound	5087	5087	1
2003	5	1535	Yearling	lake trout	Slate Island	10116	10116	1
2003	5	1736	Yearling	lake trout	Slate Island	10069	10069	1
2003	5	2043	Yearling	lake trout	Big Sound	30149	30149	1
2003	5	2043	Yearling	lake trout	Seneca Lake	31489	31489	1
2003	5	2245	Adult	lake trout	Big Sound	521	521	1
2003	5	2245	Adult	lake trout	Seneca Lake	409	409	1
2003	5	2246	Yearling	lake trout	Slate Island	10019	10019	1
2003	5	2730	Yearling	lake trout	Slate Island	47816	47816	2
2004	0	0101	Yearling	rainbow trout	Ganaraska River	600	600	1
2004	0	0330	Fingerling	walleye	Wild	17000	6800	1
2004	0	0513	Fingerling	chinook salmon	Wild	52500	21000	1
2004	0	0521	Fingerling	chinook salmon	Wild	52500	21000	1
2004	0	0528	Fingerling	walleye	Wild	38300	15320	1
2004	0	0628	Fingerling	walleye	Wild	38300	15320	1
2004	0	0729	Fingerling	walleye	Wild	19500	7800	1
2004	0	1532	Fry	rainbow trout	Wild	40000	800	1
2004	0	1551	Fingerling	walleye	Wild	1262	505	2
2004	0	1835	Fingerling	chinook salmon	Wild	6319	2528	1
2004	0	1937	Fingerling	chinook salmon	Wild	15000	6000	1
2004	0	1937	Fingerling	rainbow trout	Wild	20000	8000	2
2004	0	1937	Yearling	brown trout	Ganaraska River	31324	31324	3
2004	0	2040	Yearling	brown trout	Ganaraska River	29082	29082	1
2004	0	2135	Fry	rainbow trout	Wild	14000	280	3
2004	0	2139	Fingerling	chinook salmon	Wild	189234	75694	1
2004	0	2139	Fingerling	rainbow trout	Wild	20347	8139	1
2004	0	2139	Yearling	brown trout	Ganaraska River	29082	29082	1
2004	0	2234	Fingerling	chinook salmon	Wild	68711	27484	2
2004	0	2234	Fry	rainbow trout	Wild	168000	3360	16
2004	0	2247	Yearling	brown trout	Ganaraska River	19816	19816	2
2004	0	2248	Yearling	brown trout	Ganaraska River	27856	27856	3
2004	0	2432	Fingerling	brown trout	Ganaraska River	8915	3565	4
2004	0	2531	Fingerling	brown trout	Ganaraska River	5565	2225	3
2004	0	2531	Sub-adult	rainbow trout	Domestic/Aquaculture	25	25	1
2004	0	2631	Fingerling	chinook salmon	Wild	34913	13965	1
2004	0	3030	Fingerling	rainbow trout	Wild	30000	12000	4
2004	0	3230	Fingerling	rainbow trout	Wild	78200	31280	9
2004	0	3330	Fry	rainbow trout	Wild	20000	400	1
2004	0	3430	Fry	rainbow trout	Wild	60000	1200	3
2004	0	3828	Fingerling	chinook salmon	Wild	8373	3349	1
2004	0	3925	Fingerling	chinook salmon	Wild	68017	27208	4
2004	0	3925	Fingerling	rainbow trout	Domestic/Aquaculture	2641	1056	1
2004	0	3925	Yearling	brown trout	Ganaraska River	1361	1361	1
2004	0	4022	Fingerling	rainbow trout	Domestic/Aquaculture	18169	7268	2
2004	0	4022	Yearling	brown trout	Ganaraska River	19848	19848	3
2004	0	4024	Fingerling	chinook salmon	Wild	72178	28870	5
2004	1	1952	Fingerling	walleye	Wild	56	22	1
2004	1	1953	Fingerling	walleye	Wild	300	120	1
2004	1	2143	Yearling	rainbow trout	Wild	3611	3611	1
2004	1	2245	Yearling	rainbow trout	Wild	16760	16760	2
2004	1	2247	Yearling	rainbow trout	Wild	12130	12130	1
2004	1	2248	Yearling	rainbow trout	Wild	8222	8222	2
2004	1	2250	Yearling	rainbow trout	Wild	3867	3867	1
2004	23	0331	Yearling	lake trout	Iroquois Bay	3244	3244	1
2004	23	0430	Yearling	lake trout	Iroquois Bay	60646	60646	5
2004	23	0521	Yearling	lake trout	Big Sound	90045	90045	5
2004	23	0521	Yearling	lake trout	Iroquois Bay	78878	78878	4
2004	23	0620	Yearling	lake trout	Michipicoten	1480	1480	1
2004	23	0625	Yearling	lake trout	Iroquois Bay	3896	3896	1
2004	23	0628	Yearling	lake trout	Iroquois Bay	117184	117184	5
2004	23	0831	Yearling	lake trout	Michipicoten	30332	30332	1
2004	23	0927	Yearling	lake trout	Lake Manitou	12116	12116	1
2004	23	0933	Yearling	lake trout	Michipicoten	103386	103386	2
2004	23	0935	Yearling	lake trout	Michipicoten	39933	39933	1
2004	23	1244	Yearling	lake trout	Big Sound	61958	61958	2
2004	23	1246	Yearling	lake trout	Big Sound	123764	123764	4
2004	23	1330	Yearling	lake trout	Michipicoten	179262	179262	9
2004	23	1331	Yearling	lake trout	Michipicoten	84667	84667	3
2004	23	1535	Yearling	lake trout	Slate Island	85621	85621	2
2004	23	1636	Yearling	lake trout	Slate Island	65039	65039	2
2004	23	1939	Yearling	lake trout	Slate Island	87751	87751	2
2004	23	2143	Yearling	lake trout	Big Sound	63294	63294	2
2004	23	2143	Yearling	lake trout	Seneca Lake	78286	78286	2
2004	23	2246	Yearling	lake trout	Slate Island	89488	89488	3
2004	23	2730	Yearling	lake trout	Slate Island	93180	93180	3
2004	23	2829	Yearling	lake trout	Slate Island	70746	70746	2
2004	3	1937	Yearling	rainbow trout	Wild	10000	10000	2
2004	4	1952	Yearling	brown trout	Ganaraska River	10050	10050	1
2004	4	2053	Yearling	brown trout	Ganaraska River	4971	4971	1
2004	4	2054	Yearling	brown trout	Ganaraska River	5187	5187	2
2004	4	2250	Yearling	brown trout	Ganaraska River	4971	4971	1
2004	4	2333	Yearling	brown trout	Ganaraska River	14749	14749	1
2004	4	2531	Yearling	brown trout	Ganaraska River	16224	16224	1
2004	5	0430	Yearling	lake trout	Iroquois Bay	9865	9865	5
2004	5	0521	Yearling	lake trout	Big Sound	18444	18444	5
2004	5	0521	Yearling	lake trout	Iroquois Bay	22119	22119	4
2004	5	0620	Yearling	lake trout	Michipicoten	215	215	1
2004	5	0625	Yearling	lake trout	Iroquois Bay	1092	1092	1
2004	5	0628	Yearling	lake trout	Iroquois Bay	10634	10634	2
2004	5	0831	Yearling	lake trout	Michipicoten	4413	4413	1
2004	5	0933	Yearling	lake trout	Michipicoten	15039	15039	2
2004	5	0935	Yearling	lake trout	Michipicoten	5809	5809	1
2004	5	1244	Yearling	lake trout	Big Sound	13292	13292	2
2004	5	1246	Yearling	lake trout	Big Sound	26550	26550	4
2004	5	1330	Yearling	lake trout	Michipicoten	10434	10434	1
2004	5	1349	Yearling	lake trout	Big Sound	5006	5006	1
2004	5	1535	Yearling	lake trout	Slate Island	9979	9979	2
2004	5	1939	Yearling	lake trout	Slate Island	9985	9985	2
2004	5	2043	Yearling	lake trout	Big Sound	29818	29818	1
2004	5	2143	Yearling	lake trout	Seneca Lake	28374	28374	1
2004	5	2246	Yearling	lake trout	Slate Island	10859	10859	1
2004	5	2730	Yearling	lake trout	Slate Island	62548	62548	2
2005	0	0330	Fingerling	walleye	Wild	12000	4800	1
2005	0	0513	Fingerling	chinook salmon	Wild	40000	16000	1
2005	0	0521	Fingerling	chinook salmon	Wild	50000	20000	1
2005	0	0528	Fingerling	walleye	Wild	104500	41800	1
2005	0	0729	Fingerling	walleye	Wild	11500	4600	1
2005	0	1532	Fry	rainbow trout	Wild	25000	500	1
2005	0	1551	Fingerling	walleye	Moon River	1780	712	1
2005	0	1551	Fingerling	walleye	Wild	40	16	1
2005	0	1736	Fingerling	rainbow trout	Wild	15000	6000	1
2005	0	1835	Fingerling	chinook salmon	Wild	5558	2223	1
2005	0	1835	Yearling	brown trout	Ganaraska River	3000	3000	1
2005	0	1937	Fingerling	brown trout	Ganaraska River	23044	9218	1
2005	0	1937	Fingerling	chinook salmon	Wild	9000	3600	1
2005	0	1937	Fingerling	rainbow trout	Wild	31000	12400	4
2005	0	2040	Yearling	brown trout	Ganaraska River	24287	24287	1
2005	0	2135	Fingerling	chinook salmon	Wild	11136	4454	1
2005	0	2135	Fingerling	rainbow trout	Wild	10000	4000	1
2005	0	2135	Yearling	brown trout	Ganaraska River	6000	6000	2
2005	0	2139	Fingerling	chinook salmon	Wild	80000	32000	1
2005	0	2139	Yearling	brown trout	Ganaraska River	24673	24673	1
2005	0	2140	Yearling	brown trout	Ganaraska River	24300	24300	1
2005	0	2234	Fingerling	chinook salmon	Wild	42221	16888	1
2005	0	2234	Fry	rainbow trout	Wild	98700	1974	4
2005	0	2234	Yearling	brown trout	Ganaraska River	9000	9000	3
2005	0	2248	Yearling	brown trout	Ganaraska River	9547	9547	1
2005	0	2250	Juvenile	brown trout	Ganaraska River	6293	6293	1
2005	0	2334	Adult	rainbow trout	Domestic/Aquaculture	25	25	1
2005	0	2432	Yearling	brown trout	Ganaraska River	19810	19810	6
2005	0	2531	Yearling	brown trout	Ganaraska River	12000	12000	3
2005	0	2631	Fingerling	chinook salmon	Wild	18204	7282	1
2005	0	2631	Yearling	brown trout	Ganaraska River	6000	6000	2
2005	0	2730	Yearling	brown trout	Ganaraska River	9000	9000	2
2005	0	2829	Yearling	brown trout	Ganaraska River	9000	9000	3
2005	0	3030	Fingerling	rainbow trout	Wild	30000	12000	4
2005	0	3230	Fingerling	rainbow trout	Wild	118000	47200	12
2005	0	3330	Fry	rainbow trout	Wild	28000	560	2
2005	0	3430	Fry	rainbow trout	Wild	28000	560	2
2005	0	3828	Fingerling	chinook salmon	Wild	14060	5624	1
2005	0	3925	Fingerling	chinook salmon	Wild	2900	1160	1
2005	0	3925	Fingerling	rainbow trout	Domestic/Aquaculture	2500	1000	1
2005	0	3926	Fingerling	chinook salmon	Wild	10300	4120	1
2005	0	4022	Fingerling	rainbow trout	Domestic/Aquaculture	18320	7328	5
2005	0	4024	Fingerling	chinook salmon	Wild	25100	10040	2
2005	2	1330	Fingerling	lake trout	Michipicoten	299671	119869	5
2005	2	1535	Fingerling	lake trout	Slate Island	61040	24416	1
2005	2	1939	Fingerling	lake trout	Slate Island	76894	30758	2
2005	2	1952	Yearling	brown trout	Ganaraska River	10052	10052	1
2005	2	2053	Yearling	brown trout	Ganaraska River	5024	5024	1
2005	2	2054	Yearling	brown trout	Ganaraska River	4950	4950	2
2005	2	2246	Fingerling	lake trout	Slate Island	91680	36672	2
2005	2	2250	Yearling	brown trout	Ganaraska River	5025	5025	1
2005	3	1937	Fingerling	rainbow trout	Wild	2086	834	1
2005	3	1937	Yearling	rainbow trout	Wild	17280	17280	4
2005	3	2139	Yearling	rainbow trout	Wild	9000	9000	1
2005	4	0331	Yearling	lake trout	Iroquois Bay	3221	3221	1
2005	4	0430	Yearling	lake trout	Iroquois Bay	59408	59408	2
2005	4	0521	Yearling	lake trout	Big Sound	81798	81798	3
2005	4	0521	Yearling	lake trout	Iroquois Bay	85456	85456	3
2005	4	0625	Yearling	lake trout	Big Sound	1172	1172	1
2005	4	0625	Yearling	lake trout	Iroquois Bay	2134	2134	1
2005	4	0628	Yearling	lake trout	Iroquois Bay	82876	82876	4
2005	4	0730	Yearling	lake trout	Michipicoten	782	782	1
2005	4	0933	Yearling	lake trout	Michipicoten	36509	36509	1
2005	4	0935	Yearling	lake trout	Michipicoten	58415	58415	2
2005	4	1026	Yearling	lake trout	Michipicoten	38074	38074	1
2005	4	1031	Yearling	lake trout	Michipicoten	72496	72496	2
2005	4	1244	Yearling	lake trout	Big Sound	43646	43646	2
2005	4	1246	Yearling	lake trout	Big Sound	36489	36489	2
2005	4	1330	Yearling	lake trout	Michipicoten	40740	40740	1
2005	4	1331	Yearling	lake trout	Michipicoten	208312	208312	4
2005	4	1535	Yearling	lake trout	Slate Island	96939	96939	2
2005	4	1636	Yearling	lake trout	Slate Island	63327	63327	3
2005	4	2040	Yearling	lake trout	Slate Island	38582	38582	2
2005	4	2043	Yearling	lake trout	Seneca Lake	91665	91665	4
2005	4	2043	Yearling	lake trout	Slate Island	55973	55973	2
2005	4	2140	Yearling	lake trout	Slate Island	66596	66596	2
2005	4	2146	Yearling	lake trout	Slate Island	55753	55753	2
2005	4	2246	Yearling	lake trout	Slate Island	34484	34484	2
2005	4	2333	Yearling	lake trout	Slate Island	82672	82672	2
2005	4	2730	Yearling	lake trout	Slate Island	125046	125046	3
2005	5	0430	Yearling	lake trout	Iroquois Bay	10484	10484	2
2005	5	0521	Yearling	lake trout	Big Sound	18568	18568	3
2005	5	0521	Yearling	lake trout	Iroquois Bay	18764	18764	3
2005	5	0625	Yearling	lake trout	Big Sound	266	266	1
2005	5	0625	Yearling	lake trout	Iroquois Bay	469	469	1
2005	5	0628	Yearling	lake trout	Iroquois Bay	11414	11414	1
2005	5	0730	Yearling	lake trout	Michipicoten	116	116	1
2005	5	0927	Yearling	lake trout	Lake Manitou	11794	11794	2
2005	5	0933	Yearling	lake trout	Michipicoten	5407	5407	1
2005	5	0935	Yearling	lake trout	Michipicoten	8651	8651	2
2005	5	1026	Yearling	lake trout	Michipicoten	5639	5639	1
2005	5	1031	Yearling	lake trout	Michipicoten	10737	10737	2
2005	5	1246	Yearling	lake trout	Big Sound	10739	10739	1
2005	5	1330	Fingerling	lake trout	Michipicoten	18641	7456	1
2005	5	1331	Yearling	lake trout	Michipicoten	31521	31521	1
2005	5	1349	Yearling	lake trout	Big Sound	5355	5355	1
2005	5	1535	Fingerling	lake trout	Slate Island	10123	4049	1
2005	5	1535	Yearling	lake trout	Slate Island	10781	10781	1
2005	5	1636	Yearling	lake trout	Slate Island	9873	9873	1
2005	5	1939	Fingerling	lake trout	Slate Island	9835	3934	1
2005	5	2040	Yearling	lake trout	Slate Island	10408	10408	1
2005	5	2043	Yearling	lake trout	Seneca Lake	21539	21539	1
2005	5	2139	Adult	lake trout	Big Sound	172	172	1
2005	5	2246	Fingerling	lake trout	Slate Island	10306	4122	1
2005	5	2246	Yearling	lake trout	Slate Island	10493	10493	1
2005	5	2631	Yearling	lake trout	Slate Island	25429	25429	1
2005	5	2730	Yearling	lake trout	Slate Island	25479	25479	1
2006	0	0330	Fingerling	walleye	Wild	16000	6400	1
2006	0	0432	Fry	walleye	Lake Manitou	1000000	20000	1
2006	0	0628	Fingerling	walleye	Wild	82500	33000	1
2006	0	0729	Fingerling	walleye	Wild	8500	3400	1
2006	0	1551	Fry	walleye	Wild	257	5	1
2006	0	1736	Fingerling	rainbow trout	Wild	5540	2216	1
2006	0	1736	Yearling	brown trout	Ganaraska River	2700	2700	1
2006	0	1835	Yearling	brown trout	Ganaraska River	2658	2658	1
2006	0	1937	Fingerling	brown trout	Ganaraska River	26167	10467	1
2006	0	1937	Fingerling	rainbow trout	Wild	5000	2000	2
2006	0	2139	Fingerling	rainbow trout	Wild	21400	8560	1
2006	0	2139	Yearling	brown trout	Ganaraska River	60000	60000	1
2006	0	2143	Fingerling	brown trout	Ganaraska River	36700	14680	1
2006	0	2234	Fry	rainbow trout	Wild	27000	540	4
2006	0	2234	Yearling	brown trout	Ganaraska River	7962	7962	3
2006	0	2245	Fingerling	brown trout	Ganaraska River	36567	14627	1
2006	0	2245	Fry	rainbow trout	Wild	110000	2200	1
2006	0	2248	Fingerling	brown trout	Ganaraska River	36245	14498	1
2006	0	2333	Yearling	brown trout	Ganaraska River	9401	9401	3
2006	0	2334	Yearling	brown trout	Ganaraska River	200	200	1
2006	0	2432	Yearling	brown trout	Ganaraska River	12826	12826	7
2006	0	2531	Yearling	brown trout	Ganaraska River	9223	9223	5
2006	0	2531	Yearling	rainbow trout	Unknown	300	300	1
2006	0	2631	Yearling	brown trout	Ganaraska River	6817	6817	3
2006	0	2829	Yearling	brown trout	Ganaraska River	10692	10692	4
2006	0	3030	Fingerling	rainbow trout	Wild	29000	11600	4
2006	0	3230	Fingerling	rainbow trout	Wild	87400	34960	8
2006	0	3330	Fry	rainbow trout	Wild	35000	700	2
2006	0	3430	Fry	rainbow trout	Wild	35000	700	2
2006	0	4022	Adult	brown trout	Ganaraska River	27	27	1
2006	0	4022	Adult	rainbow trout	Unknown	60	60	1
2006	0	4022	Fingerling	brown trout	Ganaraska River	2125	850	1
2006	1	1952	Yearling	brown trout	Ganaraska River	4449	4449	1
2006	1	2053	Yearling	brown trout	Ganaraska River	4355	4355	1
2006	1	2054	Yearling	brown trout	Ganaraska River	5021	5021	2
2006	1	2234	Yearling	rainbow trout	Wild	4500	4500	1
2006	1	2250	Yearling	brown trout	Ganaraska River	5003	5003	1
2006	2	0331	Yearling	lake trout	Iroquois Bay	3105	3105	1
2006	2	0430	Yearling	lake trout	Iroquois Bay	49671	49671	3
2006	2	0430	Yearling	walleye	Lake Manitou	22602	22602	1
2006	2	0521	Yearling	lake trout	Big Sound	85580	85580	2
2006	2	0521	Yearling	lake trout	Iroquois Bay	87539	87539	2
2006	2	0628	Yearling	lake trout	Iroquois Bay	84913	84913	5
2006	2	0729	Yearling	lake trout	Iroquois Bay	2600	2600	1
2006	2	0927	Yearling	lake trout	Lake Manitou	4503	4503	2
2006	2	0933	Yearling	lake trout	Michipicoten	85188	85188	1
2006	2	0935	Yearling	lake trout	Michipicoten	136302	136302	2
2006	2	1636	Yearling	lake trout	Slate Island	49532	49532	1
2006	2	1736	Yearling	lake trout	Slate Island	32740	32740	1
2006	2	1749	Yearling	lake trout	Big Sound	56062	56062	2
2006	2	1750	Yearling	lake trout	Big Sound	58742	58742	2
2006	2	1848	Yearling	lake trout	Big Sound	26517	26517	1
2006	2	1849	Yearling	lake trout	Big Sound	70128	70128	3
2006	2	1939	Adult	lake trout	Slate Island	1120	1120	1
2006	2	1949	Yearling	lake trout	Big Sound	159059	159059	4
2006	2	2043	Yearling	lake trout	Big Sound	99428	99428	2
2006	2	2043	Yearling	lake trout	Seneca Lake	102413	102413	2
2006	2	2333	Yearling	lake trout	Slate Island	52849	52849	2
2006	2	2631	Yearling	lake trout	Slate Island	156005	156005	6
2006	3	1937	Fingerling	rainbow trout	Wild	3000	1200	2
2006	3	1937	Yearling	rainbow trout	Wild	3800	3800	2
2006	3	2234	Yearling	rainbow trout	Wild	6700	6700	2
2006	4	1937	Yearling	rainbow trout	Wild	20000	20000	2
2006	4	2234	Yearling	rainbow trout	Wild	26324	26324	8
2006	5	0430	Yearling	lake trout	Iroquois Bay	8266	8266	3
2006	5	0513	Fingerling	chinook salmon	Wild	50000	20000	1
2006	5	0521	Fingerling	chinook salmon	Wild	50000	20000	1
2006	5	0521	Yearling	lake trout	Big Sound	18254	18254	2
2006	5	0521	Yearling	lake trout	Iroquois Bay	20108	20108	2
2006	5	0628	Yearling	lake trout	Iroquois Bay	11050	11050	1
2006	5	0927	Yearling	lake trout	Lake Manitou	4687	4687	2
2006	5	0933	Yearling	lake trout	Michipicoten	7404	7404	1
2006	5	0935	Yearling	lake trout	Michipicoten	11846	11846	2
2006	5	1349	Yearling	lake trout	Big Sound	5042	5042	1
2006	5	1636	Yearling	lake trout	Slate Island	10215	10215	1
2006	5	1749	Yearling	lake trout	Big Sound	16908	16908	1
2006	5	1835	Fingerling	chinook salmon	Wild	11380	4552	1
2006	5	1849	Yearling	lake trout	Big Sound	26027	26027	2
2006	5	2040	Adult	lake trout	Big Sound	941	941	4
2006	5	2043	Yearling	lake trout	Big Sound	10113	10113	1
2006	5	2043	Yearling	lake trout	Seneca Lake	10269	10269	1
2006	5	2139	Adult	lake trout	Big Sound	177	177	1
2006	5	2139	Adult	lake trout	Iroquois Bay	681	681	2
2006	5	2139	Adult	lake trout	Seneca Lake	936	936	3
2006	5	2139	Adult	lake trout	Slate Island	637	637	1
2006	5	2139	Fingerling	chinook salmon	Wild	48745	19498	1
2006	5	2139	Sub-adult	lake trout	Slate Island	638	638	1
2006	5	2234	Fingerling	chinook salmon	Wild	18954	7582	1
2006	5	2631	Fingerling	chinook salmon	Wild	15425	6170	1
2006	5	2631	Yearling	lake trout	Slate Island	52316	52316	3
2006	5	3926	Fingerling	chinook salmon	Wild	20600	8240	1
2006	5	4022	Fingerling	chinook salmon	Wild	17487	6995	1
2007	0	0628	Fingerling	walleye	Wild	66000	26400	1
2007	0	1551	Fry	walleye	Moon River	612	12	1
2007	0	1835	Yearling	brown trout	Ganaraska River	6121	6121	2
2007	0	1852	Fingerling	muskellunge	Wild	49	20	1
2007	0	1937	Fingerling	brown trout	Ganaraska River	26591	10636	1
2007	0	1954	Fingerling	muskellunge	Wild	127	51	2
2007	0	2135	Fingerling	rainbow trout	Wild	20000	8000	2
2007	0	2139	Fingerling	brown trout	Ganaraska River	96667	38667	1
2007	0	2234	Fingerling	rainbow trout	Wild	167280	66912	13
2007	0	2234	Fry	rainbow trout	Wild	8900	178	1
2007	0	2234	Yearling	brown trout	Ganaraska River	9000	9000	2
2007	0	2245	Fingerling	rainbow trout	Wild	169800	67920	5
2007	0	2247	Fingerling	brown trout	Ganaraska River	36750	14700	1
2007	0	2247	Yearling	brown trout	Ganaraska River	36750	36750	1
2007	0	2248	Fingerling	brown trout	Ganaraska River	36750	14700	1
2007	0	2248	Yearling	brown trout	Ganaraska River	36750	36750	1
2007	0	2333	Yearling	brown trout	Ganaraska River	3000	3000	1
2007	0	2432	Yearling	brown trout	Ganaraska River	12000	12000	4
2007	0	2531	Yearling	brown trout	Ganaraska River	9000	9000	2
2007	0	2631	Yearling	brown trout	Ganaraska River	5328	5328	2
2007	0	2729	Yearling	brown trout	Ganaraska River	9000	9000	3
2007	0	2729	Yearling	rainbow trout	Ganaraska River	3000	3000	1
2007	0	2829	Yearling	brown trout	Ganaraska River	12000	12000	3
2007	0	3030	Fingerling	rainbow trout	Wild	29000	11600	4
2007	0	3230	Fingerling	rainbow trout	Wild	108000	43200	11
2007	0	3330	Fry	rainbow trout	Wild	22000	440	2
2007	0	3430	Fry	rainbow trout	Wild	54000	1080	5
2007	0	3828	Fingerling	rainbow trout	Ganaraska River	1701	680	1
2007	0	3828	Yearling	brown trout	Ganaraska River	5007	5007	1
2007	0	3925	Yearling	brown trout	Ganaraska River	5288	5288	1
2007	0	3926	Fingerling	rainbow trout	Ganaraska River	3448	1379	1
2007	0	4022	Adult	brown trout	Ganaraska River	46	46	2
2007	0	4022	Adult	rainbow trout	Unknown	193	193	2
2007	0	4022	Fingerling	rainbow trout	Ganaraska River	6764	2705	2
2007	0	4022	Yearling	brown trout	Ganaraska River	15196	15196	1
2007	14	0331	Yearling	lake trout	Iroquois Bay	2994	2994	1
2007	14	0430	Yearling	lake trout	Iroquois Bay	44700	44700	7
2007	14	0521	Yearling	lake trout	Big Sound	70743	70743	1
2007	14	0521	Yearling	lake trout	Iroquois Bay	65839	65839	6
2007	14	0625	Yearling	lake trout	Big Sound	12323	12323	1
2007	14	0625	Yearling	lake trout	Iroquois Bay	14964	14964	3
2007	14	0729	Yearling	lake trout	Iroquois Bay	92435	92435	5
2007	14	0828	Yearling	lake trout	Lake Manitou	6900	6900	2
2007	14	0934	Yearling	lake trout	Michipicoten	72964	72964	1
2007	14	0935	Yearling	lake trout	Michipicoten	61822	61822	2
2007	14	1129	Yearling	lake trout	Michipicoten	72462	72462	1
2007	14	1331	Yearling	lake trout	Michipicoten	263155	263155	5
2007	14	1535	Yearling	lake trout	Slate Island	92825	92825	2
2007	14	1636	Yearling	lake trout	Slate Island	37837	37837	1
2007	14	1736	Yearling	lake trout	Slate Island	31309	31309	2
2007	14	1749	Yearling	lake trout	Big Sound	166492	166492	6
2007	14	1849	Yearling	lake trout	Big Sound	166829	166829	6
2007	14	1850	Yearling	lake trout	Big Sound	39122	39122	1
2007	14	1939	Yearling	lake trout	Slate Island	97202	97202	2
2007	14	1949	Yearling	lake trout	Big Sound	35675	35675	1
2007	14	2041	Yearling	lake trout	Seneca Lake	73552	73552	1
2007	14	2042	Yearling	lake trout	Big Sound	48924	48924	1
2007	14	2043	Yearling	lake trout	Big Sound	31942	31942	1
2007	14	2043	Yearling	lake trout	Seneca Lake	16344	16344	1
2007	14	2146	Yearling	lake trout	Slate Island	16213	16213	1
2007	14	2246	Yearling	lake trout	Slate Island	81829	81829	3
2007	14	2631	Yearling	lake trout	Slate Island	215240	215240	5
2007	14	2730	Yearling	lake trout	Slate Island	31732	31732	1
2007	2	0431	Fingerling	walleye	Lake Manitou	722	289	1
2007	3	0105	Fingerling	lake trout	Big Sound	18909	7564	1
2007	3	1937	Fingerling	rainbow trout	Wild	2500	1000	1
2007	3	1937	Yearling	rainbow trout	Wild	19400	19400	4
2007	3	1952	Yearling	brown trout	Ganaraska River	10269	10269	1
2007	3	2053	Yearling	brown trout	Ganaraska River	5007	5007	1
2007	3	2054	Yearling	brown trout	Ganaraska River	5053	5053	2
2007	3	2139	Fingerling	rainbow trout	Wild	49805	19922	2
2007	3	2234	Yearling	rainbow trout	Wild	69479	69479	10
2007	3	2250	Yearling	brown trout	Ganaraska River	4939	4939	1
2007	4	0331	Fingerling	walleye	Lake Manitou	2094	838	1
2007	4	0429	Fingerling	walleye	Lake Manitou	2665	1066	3
2007	4	0430	Fingerling	walleye	Lake Manitou	722	289	1
2007	4	0431	Fingerling	walleye	Lake Manitou	722	289	1
2007	4	0432	Fingerling	walleye	Lake Manitou	722	289	1
2007	5	0430	Adult	lake trout	Iroquois Bay	201	201	1
2007	5	0430	Yearling	lake trout	Iroquois Bay	10683	10683	2
2007	5	0513	Fingerling	chinook salmon	Wild	15000	6000	1
2007	5	0521	Fingerling	chinook salmon	Wild	50000	20000	1
2007	5	0521	Yearling	lake trout	Big Sound	19953	19953	1
2007	5	0521	Yearling	lake trout	Iroquois Bay	16462	16462	6
2007	5	0625	Yearling	lake trout	Big Sound	3476	3476	1
2007	5	0625	Yearling	lake trout	Iroquois Bay	3741	3741	3
2007	5	0729	Yearling	lake trout	Iroquois Bay	10620	10620	1
2007	5	0828	Yearling	lake trout	Lake Manitou	4996	4996	2
2007	5	0934	Yearling	lake trout	Michipicoten	13671	13671	1
2007	5	0935	Yearling	lake trout	Michipicoten	11499	11499	2
2007	5	1129	Yearling	lake trout	Michipicoten	13557	13557	1
2007	5	1331	Yearling	lake trout	Michipicoten	23128	23128	1
2007	5	1349	Yearling	lake trout	Big Sound	5148	5148	1
2007	5	1535	Yearling	lake trout	Slate Island	11093	11093	1
2007	5	1736	Yearling	lake trout	Slate Island	10766	10766	1
2007	5	1749	Yearling	lake trout	Big Sound	23683	23683	1
2007	5	1835	Fingerling	chinook salmon	Wild	10500	4200	1
2007	5	1849	Yearling	lake trout	Big Sound	17257	17257	1
2007	5	1939	Yearling	lake trout	Slate Island	10818	10818	1
2007	5	2042	Yearling	lake trout	Big Sound	10105	10105	1
2007	5	2043	Yearling	lake trout	Seneca Lake	10494	10494	1
2007	5	2139	Fingerling	chinook salmon	Wild	71276	28510	1
2007	5	2146	Yearling	lake trout	Slate Island	10820	10820	1
2007	5	2234	Fingerling	chinook salmon	Wild	50500	20200	2
2007	5	2631	Fingerling	chinook salmon	Wild	25100	10040	1
2007	5	2729	Yearling	lake trout	Slate Island	17041	17041	1
2007	5	2730	Yearling	lake trout	Slate Island	17252	17252	1
2007	5	3828	Fingerling	chinook salmon	Wild	9640	3856	1
2007	5	3926	Fingerling	chinook salmon	Wild	23870	9548	1
2007	5	4024	Fingerling	chinook salmon	Wild	11344	4538	1
2008	0	0330	Fingerling	walleye	Lake Manitou	43000	17200	1
2008	0	0528	Fingerling	walleye	Lake Manitou	191280	76512	1
2008	0	0628	Fingerling	walleye	Lake Manitou	60800	24320	1
2008	0	1551	Fingerling	muskellunge	Wild	126	50	2
2008	0	1736	Fingerling	rainbow trout	Wild	6000	2400	1
2008	0	1736	Yearling	brown trout	Ganaraska River	2500	2500	1
2008	0	1835	Yearling	brown trout	Ganaraska River	5600	5600	2
2008	0	1937	Yearling	brown trout	Ganaraska River	22236	22236	1
2008	0	2135	Fry	rainbow trout	Wild	21360	427	2
2008	0	2139	Fingerling	rainbow trout	Wild	28500	11400	1
2008	0	2140	Yearling	brown trout	Ganaraska River	76587	76587	1
2008	0	2144	Fingerling	brown trout	Ganaraska River	30000	12000	1
2008	0	2234	Fry	rainbow trout	Wild	75870	1517	10
2008	0	2234	Yearling	brown trout	Ganaraska River	5600	5600	2
2008	0	2245	Fry	rainbow trout	Wild	150000	3000	7
2008	0	2246	Fingerling	brown trout	Ganaraska River	30000	12000	1
2008	0	2248	Fingerling	brown trout	Ganaraska River	30000	12000	1
2008	0	2432	Yearling	brown trout	Ganaraska River	8400	8400	3
2008	0	2531	Yearling	brown trout	Ganaraska River	5600	5600	2
2008	0	2631	Yearling	brown trout	Ganaraska River	9659	9659	3
2008	0	2729	Yearling	brown trout	Ganaraska River	2800	2800	1
2008	0	2730	Yearling	brown trout	Ganaraska River	2800	2800	1
2008	0	2829	Yearling	brown trout	Ganaraska River	8400	8400	3
2008	0	3030	Fingerling	rainbow trout	Wild	30000	12000	2
2008	0	3230	Fingerling	rainbow trout	Wild	117000	46800	8
2008	0	3330	Fry	rainbow trout	Wild	19000	380	2
2008	0	3430	Fry	rainbow trout	Wild	46000	920	5
2008	0	3828	Yearling	brown trout	Ganaraska River	6560	6560	1
2008	0	3828	Yearling	rainbow trout	Ganaraska River	4478	4478	1
2008	0	3925	Yearling	rainbow trout	Ganaraska River	5225	5225	1
2008	0	4022	Adult	brown trout	Ganaraska River	15	15	1
2008	0	4022	Adult	rainbow trout	Domestic/Aquaculture	105	105	1
2008	0	4022	Adult	rainbow trout	Ganaraska River	100	100	1
2008	0	4022	Yearling	brown trout	Ganaraska River	10371	10371	1
2008	0	4022	Yearling	rainbow trout	Ganaraska River	5340	5340	1
2008	0	4024	Yearling	rainbow trout	Ganaraska River	3618	3618	1
2008	3	0331	Yearling	lake trout	Iroquois Bay	3058	3058	1
2008	3	0430	Yearling	lake trout	Iroquois Bay	34773	34773	6
2008	3	0521	Yearling	lake trout	Big Sound	90446	90446	1
2008	3	0521	Yearling	lake trout	Iroquois Bay	93272	93272	1
2008	3	0729	Yearling	lake trout	Iroquois Bay	68953	68953	4
2008	3	0828	Yearling	lake trout	Lake Manitou	4822	4822	1
2008	3	0835	Yearling	lake trout	Michipicoten	38968	38968	1
2008	3	0933	Yearling	lake trout	Michipicoten	44927	44927	1
2008	3	0935	Yearling	lake trout	Michipicoten	90586	90586	2
2008	3	1331	Yearling	lake trout	Michipicoten	307152	307152	10
2008	3	1535	Yearling	lake trout	Slate Island	84745	84745	3
2008	3	1736	Yearling	lake trout	Slate Island	86322	86322	4
2008	3	1749	Yearling	lake trout	Big Sound	167179	167179	5
2008	3	1750	Yearling	lake trout	Big Sound	234916	234916	9
2008	3	1849	Yearling	lake trout	Big Sound	90232	90232	3
2008	3	1937	Yearling	rainbow trout	Wild	31500	31500	4
2008	3	1939	Yearling	lake trout	Slate Island	55250	55250	2
2008	3	1949	Yearling	lake trout	Big Sound	38864	38864	1
2008	3	2043	Yearling	lake trout	Big Sound	77292	77292	3
2008	3	2043	Yearling	lake trout	Seneca Lake	102413	102413	5
2008	3	2139	Yearling	rainbow trout	Wild	27934	27934	2
2008	3	2234	Yearling	rainbow trout	Wild	55282	55282	10
2008	3	2246	Yearling	lake trout	Slate Island	48819	48819	2
2008	3	2247	Yearling	lake trout	Slate Island	35119	35119	2
2008	3	2631	Yearling	lake trout	Slate Island	182575	182575	6
2008	5	0430	Yearling	lake trout	Iroquois Bay	6199	6199	5
2008	5	0513	Fingerling	chinook salmon	Wild	50000	20000	1
2008	5	0521	Fingerling	chinook salmon	Wild	50000	20000	1
2008	5	0521	Yearling	lake trout	Big Sound	9938	9938	1
2008	5	0521	Yearling	lake trout	Iroquois Bay	10942	10942	1
2008	5	0729	Yearling	lake trout	Iroquois Bay	10226	10226	1
2008	5	0828	Yearling	lake trout	Lake Manitou	4822	4822	1
2008	5	0835	Yearling	lake trout	Michipicoten	3620	3620	1
2008	5	0933	Yearling	lake trout	Michipicoten	4174	4174	1
2008	5	0935	Yearling	lake trout	Michipicoten	8416	8416	2
2008	5	1331	Yearling	lake trout	Michipicoten	19613	19613	1
2008	5	1349	Yearling	lake trout	Big Sound	5128	5128	1
2008	5	1535	Yearling	lake trout	Slate Island	10055	10055	1
2008	5	1736	Yearling	lake trout	Slate Island	8117	8117	1
2008	5	1750	Yearling	lake trout	Big Sound	10108	10108	1
2008	5	1835	Fingerling	chinook salmon	Wild	9545	3818	1
2008	5	1849	Yearling	lake trout	Big Sound	30310	30310	1
2008	5	1939	Yearling	lake trout	Slate Island	9514	9514	1
2008	5	1952	Yearling	brown trout	Ganaraska River	10112	10112	1
2008	5	2043	Yearling	lake trout	Big Sound	10303	10303	1
2008	5	2043	Yearling	lake trout	Seneca Lake	10156	10156	1
2008	5	2053	Yearling	brown trout	Ganaraska River	5054	5054	1
2008	5	2054	Yearling	brown trout	Ganaraska River	10112	10112	2
2008	5	2135	Fingerling	chinook salmon	Wild	15043	6017	1
2008	5	2139	Fingerling	chinook salmon	Wild	87713	35085	2
2008	5	2234	Fingerling	chinook salmon	Wild	55605	22242	4
2008	5	2247	Yearling	lake trout	Slate Island	9807	9807	1
2008	5	2250	Yearling	brown trout	Ganaraska River	5308	5308	1
2008	5	2631	Fingerling	chinook salmon	Wild	19752	7901	1
2008	5	2631	Yearling	lake trout	Slate Island	29093	29093	1
2008	5	3828	Fingerling	chinook salmon	Wild	27254	10902	1
2008	5	3926	Fingerling	chinook salmon	Wild	53218	21287	1
2008	5	4022	Fingerling	chinook salmon	Wild	40513	16205	1
2009	0	0330	Fingerling	walleye	Wild	2500	1000	1
2009	0	0528	Fingerling	walleye	Lake Manitou	55000	22000	1
2009	0	1551	Fingerling	walleye	Moon River	5300	2120	1
2009	0	1551	Fry	walleye	Moon River	550000	11000	1
2009	0	1736	Yearling	brown trout	Ganaraska River	6400	6400	1
2009	0	1835	Yearling	brown trout	Ganaraska River	3200	3200	1
2009	0	1937	Fingerling	brown trout	Ganaraska River	24673	9869	1
2009	0	1937	Fingerling	rainbow trout	Wild	161375	64550	3
2009	0	2135	Fry	rainbow trout	Wild	31000	620	1
2009	0	2139	Fingerling	rainbow trout	Wild	58488	23395	1
2009	0	2140	Yearling	brown trout	Ganaraska River	61967	61967	1
2009	0	2143	Yearling	brown trout	Ganaraska River	45000	45000	1
2009	0	2234	Fry	rainbow trout	Wild	126000	2520	6
2009	0	2234	Yearling	brown trout	Ganaraska River	10323	10323	1
2009	0	2245	Fry	rainbow trout	Wild	102000	2040	6
2009	0	2245	Yearling	brown trout	Ganaraska River	45000	45000	1
2009	0	2248	Yearling	brown trout	Ganaraska River	45000	45000	1
2009	0	2432	Yearling	brown trout	Ganaraska River	9600	9600	1
2009	0	2531	Yearling	brown trout	Ganaraska River	9600	9600	1
2009	0	2631	Yearling	brown trout	Ganaraska River	6400	6400	1
2009	0	2729	Yearling	brown trout	Ganaraska River	6400	6400	1
2009	0	3030	Fry	rainbow trout	Wild	28000	560	1
2009	0	3230	Fry	rainbow trout	Wild	116000	2320	6
2009	0	3330	Fingerling	rainbow trout	Wild	27500	11000	2
2009	0	3430	Fingerling	rainbow trout	Wild	27500	11000	2
2009	0	4022	Adult	brown trout	Ganaraska River	8	8	1
2009	0	4022	Adult	rainbow trout	Ganaraska River	27	27	1
2009	1	0331	Yearling	lake trout	Iroquois Bay	2645	2645	1
2009	1	0430	Yearling	lake trout	Iroquois Bay	42110	42110	3
2009	1	0521	Yearling	lake trout	Big Sound	63555	63555	4
2009	1	0521	Yearling	lake trout	Iroquois Bay	93009	93009	5
2009	1	0729	Yearling	lake trout	Iroquois Bay	99263	99263	7
2009	1	0828	Yearling	lake trout	Lake Manitou	2204	2204	1
2009	1	0835	Yearling	lake trout	Michipicoten	43110	43110	1
2009	1	0933	Yearling	lake trout	Michipicoten	25526	25526	1
2009	1	0934	Yearling	lake trout	Michipicoten	86240	86240	2
2009	1	0935	Yearling	lake trout	Michipicoten	25796	25796	1
2009	1	1244	Yearling	lake trout	Big Sound	214355	214355	8
2009	1	1246	Yearling	lake trout	Big Sound	155999	155999	6
2009	1	1331	Yearling	lake trout	Michipicoten	185092	185092	4
2009	1	1535	Yearling	lake trout	Slate Island	88698	88698	2
2009	1	1636	Yearling	lake trout	Slate Island	76181	76181	4
2009	1	1939	Yearling	lake trout	Slate Island	84113	84113	2
2009	1	2146	Yearling	lake trout	Slate Island	21144	21144	1
2009	1	2246	Yearling	lake trout	Slate Island	25355	25355	1
2009	1	2247	Yearling	lake trout	Big Sound	39287	39287	2
2009	1	2247	Yearling	lake trout	Seneca Lake	73647	73647	3
2009	1	2247	Yearling	lake trout	Slate Island	34195	34195	1
2009	1	2248	Yearling	lake trout	Big Sound	52089	52089	2
2009	1	2248	Yearling	lake trout	Seneca Lake	14415	14415	1
2009	1	2631	Yearling	lake trout	Slate Island	224702	224702	5
2009	2	0430	Fingerling	walleye	Lake Manitou	5500	2200	1
2009	4	1952	Yearling	brown trout	Ganaraska River	10075	10075	1
2009	4	2053	Yearling	brown trout	Ganaraska River	5036	5036	1
2009	4	2054	Yearling	brown trout	Ganaraska River	5038	5038	2
2009	4	2250	Yearling	brown trout	Ganaraska River	5037	5037	1
2009	5	0430	Yearling	lake trout	Iroquois Bay	8650	8650	3
2009	5	0513	Fingerling	chinook salmon	Wild	25000	10000	1
2009	5	0521	Fingerling	chinook salmon	Wild	25000	10000	1
2009	5	0521	Yearling	lake trout	Big Sound	13555	13555	4
2009	5	0521	Yearling	lake trout	Iroquois Bay	20964	20964	5
2009	5	0729	Yearling	lake trout	Iroquois Bay	11053	11053	2
2009	5	0828	Yearling	lake trout	Lake Manitou	2109	2109	1
2009	5	0835	Yearling	lake trout	Michipicoten	4801	4801	1
2009	5	0934	Yearling	lake trout	Michipicoten	9552	9552	2
2009	5	0935	Yearling	lake trout	Michipicoten	2880	2880	1
2009	5	1244	Yearling	lake trout	Big Sound	19636	19636	1
2009	5	1246	Yearling	lake trout	Big Sound	25375	25375	2
2009	5	1331	Yearling	lake trout	Michipicoten	21308	21308	1
2009	5	1349	Yearling	lake trout	Big Sound	6477	6477	1
2009	5	1535	Yearling	lake trout	Slate Island	11058	11058	1
2009	5	1636	Yearling	lake trout	Slate Island	11129	11129	1
2009	5	1835	Fingerling	chinook salmon	Wild	8970	3588	1
2009	5	1937	Fingerling	chinook salmon	Wild	15000	6000	1
2009	5	1939	Yearling	lake trout	Slate Island	11494	11494	1
2009	5	2139	Fingerling	chinook salmon	Wild	82786	33114	1
2009	5	2234	Fingerling	chinook salmon	Wild	21670	8668	1
2009	5	2234	Yearling	rainbow trout	Wild	43259	43259	4
2009	5	2246	Yearling	lake trout	Slate Island	10784	10784	1
2009	5	2247	Yearling	lake trout	Big Sound	11670	11670	1
2009	5	2247	Yearling	lake trout	Seneca Lake	11576	11576	1
2009	5	2631	Fingerling	chinook salmon	Wild	8618	3447	1
2009	5	2631	Yearling	lake trout	Slate Island	33024	33024	1
2009	5	3828	Fingerling	chinook salmon	Wild	4298	1719	1
2009	5	3828	Yearling	rainbow trout	Ganaraska River	4478	4478	1
2009	5	3926	Fingerling	chinook salmon	Wild	3889	1556	1
2009	5	3926	Yearling	rainbow trout	Ganaraska River	3901	3901	1
2009	5	4022	Yearling	brown trout	Ganaraska River	12361	12361	1
2009	5	4022	Yearling	rainbow trout	Ganaraska River	17354	17354	2
2009	5	4024	Fingerling	chinook salmon	Wild	4120	1648	1
2009	5	4024	Yearling	rainbow trout	Ganaraska River	3618	3618	1
2010	0	0330	Fingerling	walleye	Wild	40000	16000	1
2010	0	0528	Fry	walleye	Wild	300000	6000	1
2010	0	0628	Fingerling	walleye	Wild	4000	1600	1
2010	0	0628	Fry	walleye	Wild	150000	3000	1
2010	0	0744	Fingerling	muskellunge	Wild	3000	1200	1
2010	0	1551	Fry	walleye	Moon River	704926	14099	3
2010	0	1651	Fry	walleye	Wild	17700	354	2
2010	0	1736	Fingerling	rainbow trout	Wild	5000	2000	1
2010	0	1736	Yearling	brown trout	Ganaraska River	3000	3000	1
2010	0	1937	Fingerling	brown trout	Ganaraska River	24880	9952	1
2010	0	1937	Fingerling	rainbow trout	Wild	28672	11469	1
2010	0	2040	Fingerling	brown trout	Ganaraska River	54791	21916	1
2010	0	2139	Fingerling	rainbow trout	Wild	88317	35327	1
2010	0	2143	Fingerling	brown trout	Ganaraska River	31500	12600	1
2010	0	2234	Yearling	brown trout	Ganaraska River	9040	9040	2
2010	0	2245	Fingerling	brown trout	Ganaraska River	31500	12600	1
2010	0	2245	Fry	rainbow trout	Wild	121000	2420	8
2010	0	2248	Fingerling	brown trout	Ganaraska River	63000	25200	2
2010	0	2334	Yearling	brown trout	Ganaraska River	100	100	1
2010	0	2432	Yearling	brown trout	Ganaraska River	6000	6000	1
2010	0	2432	Yearling	rainbow trout	Wild	6592	6592	1
2010	0	2531	Yearling	brown trout	Ganaraska River	4000	4000	1
2010	0	2631	Yearling	brown trout	Ganaraska River	10741	10741	2
2010	0	2829	Yearling	brown trout	Ganaraska River	10776	10776	2
2010	0	3230	Fry	rainbow trout	Wild	120000	2400	7
2010	0	3430	Fingerling	rainbow trout	Wild	101600	40640	10
2010	0	4022	Adult	brown trout	Ganaraska River	43	43	4
2010	0	4022	Adult	rainbow trout	Ganaraska River	122	122	4
2010	2	1952	Yearling	brown trout	Ganaraska River	10064	10064	1
2010	2	2053	Yearling	brown trout	Ganaraska River	5032	5032	1
2010	2	2054	Yearling	brown trout	Ganaraska River	5128	5128	2
2010	2	2250	Yearling	brown trout	Ganaraska River	5032	5032	1
2010	23	0331	Yearling	lake trout	Iroquois Bay	3938	3938	1
2010	23	0430	Yearling	lake trout	Iroquois Bay	46946	46946	5
2010	23	0521	Yearling	lake trout	Big Sound	81610	81610	7
2010	23	0521	Yearling	lake trout	Iroquois Bay	80859	80859	8
2010	23	0729	Yearling	lake trout	Iroquois Bay	108150	108150	7
2010	23	0828	Yearling	lake trout	Lake Manitou	4992	4992	1
2010	23	0933	Yearling	lake trout	Michipicoten	68955	68955	4
2010	23	1030	Yearling	lake trout	Michipicoten	44453	44453	3
2010	23	1031	Yearling	lake trout	Michipicoten	71375	71375	4
2010	23	1244	Yearling	lake trout	Big Sound	187374	187374	10
2010	23	1245	Yearling	lake trout	Big Sound	23717	23717	1
2010	23	1246	Yearling	lake trout	Big Sound	135844	135844	6
2010	23	1331	Yearling	lake trout	Michipicoten	301339	301339	7
2010	23	1535	Yearling	lake trout	Slate Island	68816	68816	2
2010	23	1636	Yearling	lake trout	Slate Island	9460	9460	1
2010	23	1736	Yearling	lake trout	Slate Island	43385	43385	2
2010	23	1939	Yearling	lake trout	Slate Island	74247	74247	3
2010	23	2143	Yearling	lake trout	Big Sound	86611	86611	2
2010	23	2143	Yearling	lake trout	Seneca Lake	94748	94748	3
2010	23	2245	Yearling	lake trout	Slate Island	73326	73326	4
2010	23	2631	Yearling	lake trout	Slate Island	249933	249933	6
2010	5	0430	Yearling	lake trout	Iroquois Bay	8244	8244	5
2010	5	0521	Yearling	lake trout	Big Sound	16653	16653	7
2010	5	0521	Yearling	lake trout	Iroquois Bay	18271	18271	8
2010	5	0729	Yearling	lake trout	Iroquois Bay	11628	11628	1
2010	5	0828	Yearling	lake trout	Lake Manitou	5196	5196	1
2010	5	0933	Yearling	lake trout	Michipicoten	7627	7627	4
2010	5	1030	Yearling	lake trout	Michipicoten	4913	4913	3
2010	5	1031	Yearling	lake trout	Michipicoten	5799	5799	3
2010	5	1244	Yearling	lake trout	Big Sound	45004	45004	4
2010	5	1331	Yearling	lake trout	Michipicoten	21092	21092	1
2010	5	1535	Yearling	lake trout	Slate Island	11220	11220	1
2010	5	1636	Yearling	lake trout	Slate Island	11416	11416	1
2010	5	1835	Fingerling	chinook salmon	Wild	9766	3906	1
2010	5	1937	Fingerling	chinook salmon	Wild	10000	4000	1
2010	5	1939	Yearling	lake trout	Slate Island	11514	11514	1
2010	5	2135	Fingerling	chinook salmon	Wild	4510	1804	1
2010	5	2139	Fingerling	chinook salmon	Wild	51882	20753	1
2010	5	2139	Yearling	rainbow trout	Wild	10471	10471	1
2010	5	2143	Yearling	lake trout	Big Sound	11041	11041	1
2010	5	2143	Yearling	lake trout	Seneca Lake	11289	11289	1
2010	5	2234	Fingerling	rainbow trout	Wild	3000	1200	1
2010	5	2234	Yearling	rainbow trout	Wild	50185	50185	6
2010	5	2245	Yearling	lake trout	Slate Island	11174	11174	1
2010	5	2334	Fingerling	chinook salmon	Wild	37265	14906	2
2010	5	2334	Yearling	rainbow trout	Wild	210	210	1
2010	5	2631	Yearling	lake trout	Slate Island	32879	32879	1
2010	5	3828	Yearling	brown trout	Ganaraska River	7088	7088	1
2010	5	3828	Yearling	chinook salmon	Wild	2102	2102	1
2010	5	3828	Yearling	rainbow trout	Ganaraska River	2512	2512	1
2010	5	3925	Yearling	brown trout	Ganaraska River	9716	9716	1
2010	5	3925	Yearling	rainbow trout	Ganaraska River	2540	2540	1
2010	5	3926	Fingerling	chinook salmon	Wild	7450	2980	1
2010	5	3926	Yearling	rainbow trout	Ganaraska River	7505	7505	2
2010	5	4022	Adult	rainbow trout	Ganaraska River	7427	7427	1
2010	5	4022	Yearling	brown trout	Ganaraska River	15526	15526	1
2010	5	4022	Yearling	rainbow trout	Ganaraska River	5280	5280	1
2010	5	4024	Fingerling	chinook salmon	Wild	8460	3384	1
2010	5	4024	Yearling	rainbow trout	Ganaraska River	5566	5566	2
2011	0	0513	Fingerling	chinook salmon	Wild	20000	8000	1
2011	0	0521	Fingerling	chinook salmon	Wild	45000	18000	1
2011	0	0528	Fingerling	walleye	Wild	70000	28000	1
2011	0	0625	Fingerling	chinook salmon	Wild	20000	8000	1
2011	0	1736	Fingerling	rainbow trout	Wild	5000	2000	1
2011	0	1835	Fingerling	chinook salmon	Wild	5474	2190	1
2011	0	1937	Fingerling	brown trout	Ganaraska River	27029	10812	1
2011	0	1937	Fingerling	chinook salmon	Wild	10816	4326	1
2011	0	1937	Fingerling	rainbow trout	Wild	61500	24600	2
2011	0	1937	Fry	rainbow trout	Wild	88000	1760	1
2011	0	2040	Fingerling	brown trout	Unknown	62463	24985	1
2011	0	2135	Fingerling	chinook salmon	Wild	17255	6902	1
2011	0	2139	Fingerling	chinook salmon	Wild	84000	33600	1
2011	0	2139	Yearling	brown trout	Unknown	4971	4971	1
2011	0	2235	Fingerling	chinook salmon	Wild	35008	14003	1
2011	0	2531	Yearling	brown trout	Ganaraska River	7861	7861	1
2011	0	3230	Fry	rainbow trout	Wild	130000	2600	6
2011	0	3430	Fingerling	rainbow trout	Wild	50000	20000	9
2011	0	3926	Yearling	brown trout	Ganaraska River	3947	3947	1
2011	0	4022	Adult	brown trout	Ganaraska River	30	30	3
2011	0	4022	Adult	rainbow trout	Ganaraska River	128	128	3
2011	0	4022	Yearling	brown trout	Ganaraska River	12852	12852	1
2011	1	0431	Fingerling	walleye	Lake Manitou	3600	1440	1
2011	1	0432	Fingerling	walleye	Lake Manitou	3600	1440	1
2011	1	1952	Yearling	brown trout	Ganaraska River	10000	10000	1
2011	1	2053	Yearling	brown trout	Ganaraska River	5077	5077	1
2011	1	2054	Yearling	brown trout	Ganaraska River	5078	5078	2
2011	1	2250	Yearling	brown trout	Ganaraska River	5077	5077	1
2011	4	0331	Yearling	lake trout	Iroquois Bay	3041	3041	1
2011	4	0430	Yearling	lake trout	Iroquois Bay	55486	55486	5
2011	4	0521	Yearling	lake trout	Big Sound	35853	35853	1
2011	4	0521	Yearling	lake trout	Iroquois Bay	66494	66494	2
2011	4	0625	Yearling	lake trout	Big Sound	31572	31572	3
2011	4	0625	Yearling	lake trout	Iroquois Bay	3463	3463	1
2011	4	0729	Yearling	lake trout	Iroquois Bay	107915	107915	7
2011	4	0828	Yearling	lake trout	Lake Manitou	4751	4751	1
2011	4	0831	Yearling	lake trout	Michipicoten	880	880	1
2011	4	0933	Yearling	lake trout	Michipicoten	114337	114337	3
2011	4	1031	Yearling	lake trout	Michipicoten	88922	88922	3
2011	4	1244	Yearling	lake trout	Big Sound	156995	156995	5
2011	4	1246	Yearling	lake trout	Big Sound	232198	232198	7
2011	4	1331	Yearling	lake trout	Michipicoten	267465	267465	6
2011	4	1535	Yearling	lake trout	Slate Island	51239	51239	1
2011	4	1839	Yearling	lake trout	Slate Island	20886	20886	2
2011	4	1938	Yearling	lake trout	Slate Island	63977	63977	3
2011	4	1939	Yearling	lake trout	Slate Island	76300	76300	3
2011	4	2146	Yearling	lake trout	Big Sound	27678	27678	1
2011	4	2146	Yearling	lake trout	Seneca Lake	28596	28596	1
2011	4	2146	Yearling	lake trout	Slate Island	32921	32921	2
2011	4	2246	Yearling	lake trout	Big Sound	65304	65304	3
2011	4	2246	Yearling	lake trout	Seneca Lake	64832	64832	3
2011	4	2246	Yearling	lake trout	Slate Island	43929	43929	2
2011	4	2631	Yearling	lake trout	Slate Island	222771	222771	5
2011	5	0430	Yearling	lake trout	Iroquois Bay	10570	10570	5
2011	5	0521	Yearling	lake trout	Big Sound	8963	8963	1
2011	5	0521	Yearling	lake trout	Iroquois Bay	17676	17676	2
2011	5	0625	Yearling	lake trout	Big Sound	7892	7892	3
2011	5	0625	Yearling	lake trout	Iroquois Bay	920	920	1
2011	5	0729	Yearling	lake trout	Iroquois Bay	11300	11300	1
2011	5	0828	Yearling	lake trout	Lake Manitou	5282	5282	1
2011	5	0831	Yearling	lake trout	Michipicoten	87	87	1
2011	5	0933	Yearling	lake trout	Michipicoten	11308	11308	3
2011	5	1031	Yearling	lake trout	Michipicoten	6060	6060	2
2011	5	1244	Yearling	lake trout	Big Sound	49670	49670	3
2011	5	1331	Yearling	lake trout	Michipicoten	21964	21964	1
2011	5	1839	Yearling	lake trout	Slate Island	22110	22110	2
2011	5	1937	Yearling	rainbow trout	Wild	25600	25600	2
2011	5	1939	Yearling	lake trout	Slate Island	11155	11155	1
2011	5	2139	Yearling	rainbow trout	Wild	15221	15221	1
2011	5	2146	Yearling	lake trout	Slate Island	11292	11292	1
2011	5	2234	Fingerling	rainbow trout	Wild	62400	24960	1
2011	5	2234	Yearling	rainbow trout	Wild	48426	48426	3
2011	5	2246	Yearling	lake trout	Big Sound	11674	11674	1
2011	5	2246	Yearling	lake trout	Seneca Lake	11017	11017	1
2011	5	2631	Yearling	lake trout	Slate Island	33470	33470	1
2011	5	3828	Fingerling	chinook salmon	Wild	23254	9302	1
2011	5	3828	Sub-adult	rainbow trout	Ganaraska River	5136	5136	1
2011	5	3925	Yearling	rainbow trout	Ganaraska River	2237	2237	1
2011	5	3926	Fingerling	chinook salmon	Wild	22246	8898	1
2011	5	3926	Sub-adult	rainbow trout	Ganaraska River	6317	6317	1
2011	5	3926	Yearling	rainbow trout	Ganaraska River	2203	2203	1
2011	5	4022	Fingerling	chinook salmon	Wild	41287	16515	1
2011	5	4022	Sub-adult	rainbow trout	Ganaraska River	13306	13306	2
2011	5	4022	Yearling	rainbow trout	Ganaraska River	4062	4062	1
2012	0	0513	Fingerling	chinook salmon	Wild	20000	8000	1
2012	0	0521	Fingerling	chinook salmon	Wild	21000	8400	1
2012	0	0528	Fingerling	walleye	Wild	26000	10400	1
2012	0	0528	Fry	walleye	Wild	111000	2220	1
2012	0	0625	Fingerling	chinook salmon	Wild	21954	8782	1
2012	0	1736	Fingerling	rainbow trout	Wild	5000	2000	1
2012	0	1736	Yearling	brown trout	Ganaraska River	3434	3434	1
2012	0	1835	Fingerling	chinook salmon	Wild	4467	1787	1
2012	0	1835	Yearling	brown trout	Ganaraska River	3434	3434	1
2012	0	1937	Fingerling	brown trout	Ganaraska River	16513	6605	1
2012	0	1937	Fingerling	rainbow trout	Wild	25000	10000	1
2012	0	2135	Fingerling	chinook salmon	Wild	24855	9942	1
2012	0	2139	Fingerling	rainbow trout	Wild	16920	6768	1
2012	0	2235	Fingerling	chinook salmon	Wild	39144	15658	1
2012	0	2245	Yearling	rainbow trout	Wild	6000	6000	1
2012	0	2248	Fingerling	brown trout	Ganaraska River	50000	20000	2
2012	0	2248	Yearling	brown trout	Ganaraska River	25000	25000	1
2012	0	2334	Yearling	brown trout	Ganaraska River	13736	13736	1
2012	0	2432	Yearling	brown trout	Ganaraska River	6868	6868	1
2012	0	2531	Yearling	brown trout	Ganaraska River	6868	6868	1
2012	0	2631	Yearling	brown trout	Ganaraska River	10302	10302	1
2012	0	2729	Yearling	brown trout	Ganaraska River	6868	6868	1
2012	0	3230	Fry	rainbow trout	Wild	96000	1920	7
2012	0	3430	Fingerling	rainbow trout	Wild	48000	19200	9
2012	0	3925	Fingerling	chinook salmon	Wild	27910	11164	1
2012	0	3926	Fingerling	chinook salmon	Wild	21234	8494	1
2012	0	4024	Fingerling	chinook salmon	Wild	33788	13515	1
2012	14	0430	Fingerling	lake trout	Iroquois Bay	43450	17381	4
2012	14	0831	Fingerling	lake trout	Michipicoten	275450	110180	8
2012	2	0331	Yearling	lake trout	Iroquois Bay	3006	3006	1
2012	2	0430	Yearling	lake trout	Iroquois Bay	36383	36383	2
2012	2	0521	Yearling	lake trout	Big Sound	75457	75457	2
2012	2	0521	Yearling	lake trout	Iroquois Bay	77622	77622	2
2012	2	0625	Yearling	lake trout	Big Sound	1692	1692	1
2012	2	0729	Yearling	lake trout	Iroquois Bay	103746	103746	9
2012	2	0828	Yearling	lake trout	Lake Manitou	6627	6627	1
2012	2	0831	Yearling	lake trout	Michipicoten	5451	5451	1
2012	2	0933	Yearling	lake trout	Michipicoten	42780	42780	1
2012	2	1031	Yearling	lake trout	Michipicoten	155250	155250	4
2012	2	1331	Yearling	lake trout	Michipicoten	328290	328290	7
2012	2	1749	Yearling	lake trout	Big Sound	148206	148206	6
2012	2	1750	Yearling	lake trout	Big Sound	257374	257374	11
2012	2	1839	Yearling	lake trout	Slate Island	56899	56899	3
2012	2	1840	Yearling	lake trout	Slate Island	21489	21489	1
2012	2	1938	Yearling	lake trout	Slate Island	32712	32712	2
2012	2	1939	Yearling	lake trout	Slate Island	75949	75949	3
2012	2	2146	Yearling	lake trout	Slate Island	36648	36648	2
2012	2	2245	Yearling	lake trout	Big Sound	3310	3310	1
2012	2	2246	Yearling	lake trout	Big Sound	67605	67605	3
2012	2	2246	Yearling	lake trout	Seneca Lake	21643	21643	1
2012	2	2246	Yearling	lake trout	Slate Island	35649	35649	2
2012	2	2247	Yearling	lake trout	Big Sound	33644	33644	1
2012	2	2247	Yearling	lake trout	Seneca Lake	86054	86054	4
2012	2	2631	Yearling	lake trout	Slate Island	177810	177810	4
2012	3	1952	Yearling	brown trout	Ganaraska River	10096	10096	1
2012	3	2053	Yearling	brown trout	Ganaraska River	5100	5100	1
2012	3	2054	Yearling	brown trout	Ganaraska River	6244	6244	2
2012	3	2250	Yearling	brown trout	Ganaraska River	6037	6037	1
2012	5	0430	Fingerling	lake trout	Iroquois Bay	11550	4620	4
2012	5	0430	Yearling	lake trout	Iroquois Bay	9324	9324	2
2012	5	0521	Yearling	lake trout	Big Sound	17015	17015	2
2012	5	0521	Yearling	lake trout	Iroquois Bay	18922	18922	2
2012	5	0625	Yearling	lake trout	Big Sound	381	381	1
2012	5	0729	Yearling	lake trout	Iroquois Bay	10836	10836	2
2012	5	0828	Yearling	lake trout	Lake Manitou	5361	5361	1
2012	5	0831	Fingerling	lake trout	Michipicoten	21978	8791	1
2012	5	0831	Yearling	lake trout	Michipicoten	552	552	1
2012	5	0933	Yearling	lake trout	Michipicoten	4290	4290	1
2012	5	1031	Yearling	lake trout	Michipicoten	12300	12300	3
2012	5	1331	Yearling	lake trout	Michipicoten	21034	21034	1
2012	5	1749	Yearling	lake trout	Big Sound	6376	6376	1
2012	5	1750	Yearling	lake trout	Big Sound	19079	19079	1
2012	5	1839	Yearling	lake trout	Slate Island	10432	10432	1
2012	5	1937	Fingerling	chinook salmon	Wild	10000	4000	1
2012	5	1937	Yearling	rainbow trout	Wild	30300	30300	2
2012	5	1939	Yearling	lake trout	Slate Island	23200	23200	2
2012	5	2139	Fingerling	chinook salmon	Wild	82205	32882	1
2012	5	2146	Yearling	lake trout	Slate Island	11265	11265	1
2012	5	2234	Yearling	rainbow trout	Wild	63204	63204	3
2012	5	2246	Yearling	lake trout	Big Sound	10793	10793	1
2012	5	2247	Yearling	lake trout	Seneca Lake	11054	11054	1
2012	5	2631	Yearling	lake trout	Slate Island	33162	33162	1
2012	5	3828	Yearling	rainbow trout	Ganaraska River	2370	2370	1
2012	5	3925	Yearling	rainbow trout	Ganaraska River	6376	6376	2
2012	5	3926	Yearling	rainbow trout	Ganaraska River	3959	3959	1
2012	5	4022	Yearling	brown trout	Ganaraska River	5290	5290	1
2012	5	4022	Yearling	rainbow trout	Ganaraska River	8929	8929	3
2012	5	4024	Yearling	brown trout	Ganaraska River	8925	8925	1
2012	5	4024	Yearling	rainbow trout	Ganaraska River	8364	8364	2
2013	0	0521	Fingerling	chinook salmon	Wild	65000	26000	1
2013	0	0628	Fingerling	walleye	Wild	47950	19180	1
2013	0	1736	Fingerling	rainbow trout	Wild	8000	3200	1
2013	0	1736	Yearling	brown trout	Ganaraska River	3700	3700	1
2013	0	1736	Yearling	rainbow trout	Wild	5000	5000	1
2013	0	1835	Fingerling	chinook salmon	Wild	6191	2476	1
2013	0	1835	Yearling	brown trout	Ganaraska River	3700	3700	1
2013	0	1937	Fingerling	brown trout	Ganaraska River	24416	9766	1
2013	0	1937	Fingerling	rainbow trout	Wild	56416	22566	3
2013	0	1937	Fry	rainbow trout	Wild	30000	600	1
2013	0	1937	Yearling	rainbow trout	Wild	24200	24200	2
2013	0	2040	Fingerling	brown trout	Ganaraska River	50007	20003	1
2013	0	2135	Fingerling	chinook salmon	Wild	24800	9920	1
2013	0	2139	Fingerling	rainbow trout	Wild	52212	20885	1
2013	0	2143	Fingerling	brown trout	Ganaraska River	1200	480	1
2013	0	2234	Yearling	brown trout	Ganaraska River	11100	11100	2
2013	0	2245	Fingerling	brown trout	Ganaraska River	1200	480	1
2013	0	2245	Yearling	rainbow trout	Wild	40000	40000	3
2013	0	2248	Yearling	brown trout	Ganaraska River	4300	4300	3
2013	0	2334	Fingerling	chinook salmon	Wild	38900	15560	1
2013	0	2432	Yearling	brown trout	Ganaraska River	18865	18865	1
2013	0	2631	Fingerling	chinook salmon	Wild	465	186	1
2013	0	2631	Yearling	brown trout	Ganaraska River	23296	23296	1
2013	0	3230	Fingerling	rainbow trout	Wild	10000	4000	1
2013	0	3230	Fry	rainbow trout	Wild	110000	2200	7
2013	0	3430	Fingerling	rainbow trout	Wild	60000	24000	10
2013	0	3926	Fingerling	chinook salmon	Wild	3164	1266	1
2013	0	4022	Adult	rainbow trout	Ganaraska River	62	62	2
2013	0	4022	Sub-adult	brown trout	Ganaraska River	3	3	1
2013	0	4022	Sub-adult	rainbow trout	Ganaraska River	31	31	1
2013	0	4022	Yearling	rainbow trout	Ganaraska River	31	31	1
2013	14	0331	Fingerling	lake trout	Iroquois Bay	2783	1113	1
2013	14	0521	Fingerling	lake trout	Iroquois Bay	27154	10862	1
2013	14	0521	Yearling	lake trout	Big Sound	46535	46535	3
2013	14	0521	Yearling	lake trout	Iroquois Bay	28468	28468	2
2013	14	0729	Yearling	lake trout	Iroquois Bay	102799	102799	7
2013	14	0928	Yearling	lake trout	Lake Manitou	4458	4458	1
2013	14	1331	Yearling	lake trout	Michipicoten	319919	319919	7
2013	14	1750	Yearling	lake trout	Big Sound	93806	93806	4
2013	14	1839	Yearling	lake trout	Slate Island	151262	151262	7
2013	14	1849	Yearling	lake trout	Big Sound	188479	188479	6
2013	14	1938	Yearling	lake trout	Slate Island	53979	53979	3
2013	14	2146	Yearling	lake trout	Seneca Lake	56286	56286	3
2013	14	2247	Yearling	lake trout	Big Sound	33751	33751	2
2013	14	2247	Yearling	lake trout	Seneca Lake	27776	27776	1
2013	14	2247	Yearling	lake trout	Slate Island	31748	31748	2
2013	14	2248	Yearling	lake trout	Big Sound	26747	26747	2
2013	14	2248	Yearling	lake trout	Seneca Lake	9284	9284	1
2013	14	2248	Yearling	lake trout	Slate Island	55095	55095	3
2013	14	2631	Yearling	lake trout	Slate Island	120787	120787	3
2013	14	2730	Yearling	lake trout	Slate Island	83747	83747	2
2013	2	0331	Fingerling	walleye	Lake Manitou	3655	1462	1
2013	2	0431	Fingerling	walleye	Lake Manitou	10963	4385	3
2013	2	0432	Fingerling	walleye	Lake Manitou	3655	1462	1
2013	3	0521	Fingerling	lake trout	Big Sound	21014	8405	2
2013	5	0521	Fingerling	lake trout	Iroquois Bay	6578	2631	1
2013	5	0521	Yearling	lake trout	Big Sound	14695	14695	3
2013	5	0521	Yearling	lake trout	Iroquois Bay	6896	6896	2
2013	5	0729	Yearling	lake trout	Iroquois Bay	10513	10513	1
2013	5	0828	Yearling	lake trout	Lake Manitou	4476	4476	1
2013	5	1331	Yearling	lake trout	Michipicoten	22095	22095	1
2013	5	1750	Yearling	lake trout	Big Sound	16268	16268	1
2013	5	1839	Yearling	lake trout	Slate Island	11451	11451	1
2013	5	1849	Yearling	lake trout	Big Sound	25798	25798	1
2013	5	1937	Fingerling	chinook salmon	Wild	10000	4000	1
2013	5	1938	Yearling	lake trout	Slate Island	22999	22999	2
2013	5	1952	Yearling	brown trout	Ganaraska River	10007	10007	1
2013	5	2053	Yearling	brown trout	Ganaraska River	5995	5995	1
2013	5	2054	Yearling	brown trout	Ganaraska River	7650	7650	2
2013	5	2139	Fingerling	chinook salmon	Wild	64532	25813	1
2013	5	2146	Yearling	lake trout	Seneca Lake	10972	10972	1
2013	5	2234	Yearling	rainbow trout	Saugeen River	32587	32587	3
2013	5	2234	Yearling	rainbow trout	Wild	53707	53707	4
2013	5	2247	Yearling	lake trout	Slate Island	11585	11585	1
2013	5	2248	Yearling	lake trout	Big Sound	11204	11204	1
2013	5	2250	Yearling	brown trout	Ganaraska River	5152	5152	1
2013	5	2631	Yearling	lake trout	Slate Island	35057	35057	1
2013	5	3828	Yearling	brown trout	Ganaraska River	2248	2248	1
2013	5	3828	Yearling	rainbow trout	Ganaraska River	1745	1745	1
2013	5	3925	Yearling	rainbow trout	Ganaraska River	4212	4212	1
2013	5	3926	Yearling	brown trout	Ganaraska River	2140	2140	1
2013	5	3926	Yearling	rainbow trout	Ganaraska River	1537	1537	1
2013	5	4022	Yearling	brown trout	Ganaraska River	9902	9902	2
2013	5	4022	Yearling	rainbow trout	Ganaraska River	18774	18774	3
2013	5	4024	Yearling	brown trout	Ganaraska River	2260	2260	1
2013	5	4024	Yearling	rainbow trout	Ganaraska River	8146	8146	2
2014	0	0521	Fingerling	chinook salmon	Wild	50000	20000	1
2014	0	2235	Fingerling	chinook salmon	Wild	70780	28312	1
2014	0	2631	Fingerling	chinook salmon	Wild	581	232	1
2014	0	3230	Fry	rainbow trout	Wild	76000	1520	8
2014	0	3430	Fingerling	rainbow trout	Wild	60000	24000	5
2014	0	3828	Yearling	chinook salmon	Wild	19049	19049	1
2014	0	3926	Fingerling	chinook salmon	Wild	18652	7461	1
2014	0	4022	Sub-adult	brown trout	Ganaraska River	19	19	1
2014	0	4022	Sub-adult	rainbow trout	Domestic/Aquaculture	154	154	1
2014	0	4024	Fingerling	chinook salmon	Wild	38147	15259	2
2014	3	0331	Yearling	lake trout	Iroquois Bay	2681	2681	1
2014	3	0430	Yearling	lake trout	Iroquois Bay	19567	19567	1
2014	3	0521	Yearling	lake trout	Big Sound	61499	61499	2
2014	3	0521	Yearling	lake trout	Iroquois Bay	57779	57779	3
2014	3	0523	Yearling	lake trout	Iroquois Bay	19240	19240	1
2014	3	0729	Yearling	lake trout	Iroquois Bay	91863	91863	7
2014	3	0835	Yearling	lake trout	Michipicoten	118035	118035	3
2014	3	0928	Yearling	lake trout	Lake Manitou	2856	2856	1
2014	3	1331	Yearling	lake trout	Michipicoten	277117	277117	7
2014	3	1749	Yearling	lake trout	Big Sound	166805	166805	7
2014	3	1750	Yearling	lake trout	Big Sound	208527	208527	10
2014	3	1839	Yearling	lake trout	Slate Island	78166	78166	4
2014	3	1840	Yearling	lake trout	Slate Island	60876	60876	3
2014	3	1939	Yearling	lake trout	Slate Island	85041	85041	5
2014	3	2146	Yearling	lake trout	Seneca Lake	26453	26453	2
2014	3	2146	Yearling	lake trout	Slate Island	83456	83456	4
2014	3	2247	Yearling	lake trout	Big Sound	48082	48082	3
2014	3	2247	Yearling	lake trout	Slate Island	7825	7825	1
2014	3	2248	Yearling	lake trout	Big Sound	49734	49734	3
2014	3	2248	Yearling	lake trout	Seneca Lake	66668	66668	3
2014	3	2730	Yearling	lake trout	Slate Island	196119	196119	7
2014	5	0430	Yearling	lake trout	Iroquois Bay	4590	4590	1
2014	5	0521	Yearling	lake trout	Big Sound	13309	13309	1
2014	5	0521	Yearling	lake trout	Iroquois Bay	15824	15824	3
2014	5	0523	Yearling	lake trout	Iroquois Bay	5269	5269	1
2014	5	0729	Yearling	lake trout	Iroquois Bay	11362	11362	1
2014	5	0835	Yearling	lake trout	Michipicoten	11252	11252	3
2014	5	0928	Yearling	lake trout	Lake Manitou	5154	5154	1
2014	5	1331	Yearling	lake trout	Michipicoten	22556	22556	1
2014	5	1749	Yearling	lake trout	Big Sound	32902	32902	2
2014	5	1750	Yearling	lake trout	Big Sound	12736	12736	1
2014	5	1839	Yearling	lake trout	Slate Island	11495	11495	1
2014	5	1840	Yearling	lake trout	Slate Island	11424	11424	1
2014	5	1939	Yearling	lake trout	Slate Island	11460	11460	1
2014	5	2139	Fingerling	chinook salmon	Wild	72000	28800	1
2014	5	2146	Yearling	lake trout	Slate Island	11021	11021	1
2014	5	2234	Yearling	rainbow trout	Saugeen River	30711	30711	1
2014	5	2247	Yearling	lake trout	Big Sound	11398	11398	1
2014	5	2247	Yearling	lake trout	Seneca Lake	11402	11402	1
2014	5	2730	Yearling	lake trout	Slate Island	21793	21793	1
2014	5	3828	Yearling	rainbow trout	Ganaraska River	13381	13381	2
2014	5	3926	Yearling	rainbow trout	Ganaraska River	5974	5974	1
2014	5	4022	Yearling	rainbow trout	Ganaraska River	20730	20730	2
2014	5	4024	Yearling	rainbow trout	Ganaraska River	6306	6306	1
2015	0	0431	Fingerling	walleye	Lake Manitou	6107	2442	3
2015	0	0432	Fingerling	walleye	Lake Manitou	7317	2927	3
2015	0	0521	Fingerling	chinook salmon	Wild	1100	440	1
2015	0	1736	Fingerling	rainbow trout	Wild	15000	6000	1
2015	0	1736	Yearling	brown trout	Unknown	3785	3785	1
2015	0	1835	Fingerling	chinook salmon	Wild	7213	2885	1
2015	0	1835	Yearling	brown trout	Unknown	3785	3785	1
2015	0	1937	Fingerling	rainbow trout	Wild	47000	18800	2
2015	0	2235	Fingerling	chinook salmon	Wild	34482	13793	1
2015	0	2235	Yearling	brown trout	Unknown	7570	7570	1
2015	0	2245	Yearling	rainbow trout	Wild	19110	19110	1
2015	0	2247	Yearling	brown trout	Unknown	37645	37645	3
2015	0	2432	Yearling	brown trout	Unknown	18925	18925	2
2015	0	2531	Yearling	brown trout	Unknown	7570	7570	1
2015	0	2631	Fingerling	chinook salmon	Wild	516	206	1
2015	0	2631	Yearling	brown trout	Unknown	10000	10000	1
2015	0	2729	Yearling	brown trout	Unknown	7585	7585	1
2015	0	3230	Fingerling	rainbow trout	Wild	9000	3600	1
2015	0	3230	Fry	rainbow trout	Wild	27000	540	3
2015	0	3430	Fingerling	rainbow trout	Wild	62000	24800	8
2015	0	3828	Fingerling	chinook salmon	Wild	18407	7363	1
2015	0	3926	Fingerling	chinook salmon	Wild	35892	14357	2
2015	0	4022	Adult	rainbow trout	Domestic/Aquaculture	91	91	1
2015	0	4024	Fingerling	chinook salmon	Wild	20132	8053	1
2015	1	0331	Yearling	lake trout	Iroquois Bay	3225	3225	1
2015	1	0427	Yearling	lake trout	Iroquois Bay	50778	50778	2
2015	1	0430	Yearling	lake trout	Iroquois Bay	55225	55225	2
2015	1	0521	Yearling	lake trout	Big Sound	88608	88608	2
2015	1	0527	Yearling	lake trout	Iroquois Bay	36525	36525	1
2015	1	0729	Yearling	lake trout	Iroquois Bay	103134	103134	5
2015	1	0828	Yearling	lake trout	Lake Manitou	9971	9971	2
2015	1	0933	Yearling	lake trout	Michipicoten	39600	39600	1
2015	1	1031	Yearling	lake trout	Michipicoten	155067	155067	4
2015	1	1331	Yearling	lake trout	Michipicoten	337337	337337	9
2015	1	1749	Yearling	lake trout	Big Sound	232031	232031	8
2015	1	1750	Yearling	lake trout	Big Sound	176298	176298	6
2015	1	1839	Yearling	lake trout	Slate Island	76811	76811	3
2015	1	1840	Yearling	lake trout	Slate Island	93583	93583	3
2015	1	1849	Yearling	lake trout	Big Sound	58651	58651	2
2015	1	1939	Yearling	lake trout	Slate Island	61304	61304	2
2015	1	2146	Yearling	lake trout	Slate Island	75437	75437	3
2015	1	2247	Yearling	lake trout	Big Sound	56620	56620	2
2015	1	2247	Yearling	lake trout	Seneca Lake	24174	24174	1
2015	1	2247	Yearling	lake trout	Slate Island	128054	128054	5
2015	1	2248	Yearling	lake trout	Big Sound	112373	112373	4
2015	1	2248	Yearling	lake trout	Seneca Lake	87057	87057	4
2015	1	2248	Yearling	lake trout	Slate Island	161267	161267	7
2015	2	1952	Yearling	brown trout	Ganaraska River	12102	12102	1
2015	2	2053	Yearling	brown trout	Ganaraska River	7402	7402	1
2015	2	2054	Yearling	brown trout	Ganaraska River	5001	5001	2
2015	2	2250	Yearling	brown trout	Ganaraska River	5001	5001	1
2015	4	0431	Fingerling	walleye	Lake Manitou	1222	489	1
2015	5	2139	Fingerling	chinook salmon	Wild	79902	31961	1
2015	5	2139	Yearling	rainbow trout	Wild	1529	1529	1
2015	5	2234	Yearling	rainbow trout	Saugeen River	35355	35355	1
2015	5	2234	Yearling	rainbow trout	Wild	70615	70615	4
2015	5	3828	Yearling	rainbow trout	Ganaraska River	9110	9110	1
2015	5	3926	Yearling	rainbow trout	Ganaraska River	9086	9086	1
2015	5	4022	Adult	brown trout	Ganaraska River	19	19	1
2015	5	4022	Yearling	rainbow trout	Ganaraska River	7701	7701	1
2015	5	4024	Yearling	rainbow trout	Ganaraska River	9440	9440	1
2016	0	0521	Fingerling	chinook salmon	Wild	49994	19998	2
2016	0	1736	Fingerling	rainbow trout	Wild	5000	2000	1
2016	0	1736	Yearling	brown trout	Unknown	3371	3371	1
2016	0	1835	Fingerling	chinook salmon	Wild	9425	3770	1
2016	0	1835	Yearling	brown trout	Unknown	3371	3371	1
2016	0	1937	Fingerling	brown trout	Unknown	50678	20272	2
2016	0	1937	Fingerling	rainbow trout	Wild	50000	20000	2
2016	0	2135	Fingerling	chinook salmon	Wild	7690	3076	1
2016	0	2234	Yearling	brown trout	Unknown	6740	6740	2
2016	0	2235	Fingerling	chinook salmon	Wild	29155	11662	2
2016	0	2247	Sub-adult	brown trout	Unknown	2000	2000	1
2016	0	2432	Yearling	brown trout	Unknown	10112	10112	3
2016	0	2531	Yearling	brown trout	Unknown	6739	6739	2
2016	0	2631	Yearling	brown trout	Unknown	10113	10113	2
2016	0	2829	Yearling	brown trout	Unknown	16865	16865	5
2016	0	3230	Fry	rainbow trout	Wild	27000	540	3
2016	0	3430	Fingerling	rainbow trout	Wild	55000	22000	3
2016	0	3926	Fingerling	chinook salmon	Wild	37836	15134	3
2016	0	4022	Adult	brown trout	Ganaraska River	30	30	1
2016	0	4024	Fingerling	chinook salmon	Wild	53693	21477	3
2016	23	0331	Yearling	lake trout	Iroquois Bay	2300	2300	1
2016	23	0427	Yearling	lake trout	Iroquois Bay	225041	225041	13
2016	23	0518	Yearling	lake trout	Seneca Lake	119571	119571	4
2016	23	0521	Yearling	lake trout	Seneca Lake	126073	126073	4
2016	23	0527	Yearling	lake trout	Iroquois Bay	45397	45397	4
2016	23	1243	Yearling	lake trout	Big Sound	161031	161031	5
2016	23	1243	Yearling	lake trout	Lake Manitou	156945	156945	6
2016	23	1749	Yearling	lake trout	Big Sound	115313	115313	3
2016	23	1750	Yearling	lake trout	Big Sound	61917	61917	2
2016	23	1849	Yearling	lake trout	Big Sound	110350	110350	3
2016	23	2146	Yearling	lake trout	Big Sound	63787	63787	3
2016	23	2146	Yearling	lake trout	Seneca Lake	29953	29953	1
2016	23	2247	Yearling	lake trout	Big Sound	72703	72703	3
2016	23	2247	Yearling	lake trout	Seneca Lake	72343	72343	3
2016	23	2248	Yearling	lake trout	Big Sound	184455	184455	6
2016	23	2248	Yearling	lake trout	Seneca Lake	143702	143702	6
2016	3	2234	Yearling	rainbow trout	Saugeen River	27272	27272	1
2016	5	1736	Yearling	rainbow trout	Wild	5000	5000	1
2016	5	1937	Yearling	rainbow trout	Wild	25700	25700	3
2016	5	2139	Fingerling	chinook salmon	Wild	84875	33950	1
2016	5	2139	Yearling	rainbow trout	Wild	36423	36423	1
2016	5	2234	Yearling	rainbow trout	Wild	68227	68227	23
2016	5	2235	Yearling	rainbow trout	Wild	36428	36428	1
2016	5	3828	Yearling	brown trout	Ganaraska River	3009	3009	1
2016	5	3828	Yearling	rainbow trout	Ganaraska River	4992	4992	1
2016	5	3926	Yearling	brown trout	Ganaraska River	2586	2586	1
2016	5	3926	Yearling	rainbow trout	Ganaraska River	6885	6885	1
2016	5	4022	Adult	brown trout	Ganaraska River	30	30	1
2016	5	4022	Yearling	brown trout	Ganaraska River	3151	3151	1
2016	5	4022	Yearling	rainbow trout	Ganaraska River	11132	11132	1
2016	5	4024	Yearling	brown trout	Ganaraska River	2677	2677	1
2016	5	4024	Yearling	rainbow trout	Ganaraska River	9724	9724	2
2017	0	1736	Fingerling	rainbow trout	Wild	5000	2000	1
2017	0	1736	Yearling	brown trout	Unknown	5000	5000	1
2017	0	1835	Fingerling	chinook salmon	Wild	7375	2950	1
2017	0	1937	Fingerling	brown trout	Unknown	19277	7711	1
2017	0	1937	Fingerling	rainbow trout	Wild	84040	33616	4
2017	0	2135	Fingerling	chinook salmon	Wild	9398	3759	1
2017	0	2234	Fingerling	chinook salmon	Wild	37209	14884	2
2017	0	2235	Yearling	brown trout	Unknown	5000	5000	1
2017	0	2245	Yearling	rainbow trout	Wild	2500	2500	2
2017	0	2432	Yearling	brown trout	Unknown	15000	15000	3
2017	0	2531	Yearling	brown trout	Unknown	5104	5104	1
2017	0	2631	Fingerling	chinook salmon	Wild	20753	8301	2
2017	0	2631	Yearling	brown trout	Unknown	11938	11938	3
2017	0	2729	Yearling	brown trout	Unknown	4200	4200	1
2017	0	2829	Yearling	brown trout	Unknown	4200	4200	1
2017	0	3230	Fry	rainbow trout	Unknown	45000	900	5
2017	0	3230	Fry	rainbow trout	Wild	27000	540	3
2017	0	3430	Fingerling	rainbow trout	Wild	55000	22000	5
2017	0	3926	Fingerling	chinook salmon	Wild	10872	4349	1
2017	0	4022	Adult	rainbow trout	Ganaraska River	60	60	1
2017	2	0430	Fingerling	walleye	Lake Manitou	27414	10966	10
2017	4	0331	Yearling	lake trout	Iroquois Bay	2398	2398	1
2017	4	0521	Yearling	lake trout	Iroquois Bay	313689	313689	15
2017	4	0527	Yearling	lake trout	Big Sound	18769	18769	1
2017	4	0527	Yearling	lake trout	Lake Manitou	22700	22700	1
2017	4	0527	Yearling	lake trout	Seneca Lake	317542	317542	9
2017	4	1143	Yearling	lake trout	Big Sound	41801	41801	2
2017	4	1243	Yearling	lake trout	Big Sound	91445	91445	3
2017	4	1243	Yearling	lake trout	Lake Manitou	4536	4536	1
2017	4	1244	Yearling	lake trout	Big Sound	2774	2774	1
2017	4	1244	Yearling	lake trout	Lake Manitou	2290	2290	1
2017	4	1246	Yearling	lake trout	Big Sound	15678	15678	8
2017	4	1346	Yearling	lake trout	Big Sound	33190	33190	3
2017	4	1346	Yearling	lake trout	Lake Manitou	21300	21300	5
2017	4	1749	Yearling	lake trout	Big Sound	58672	58672	2
2017	4	1750	Yearling	lake trout	Big Sound	87506	87506	3
2017	4	1849	Yearling	lake trout	Big Sound	28586	28586	1
2017	4	2143	Yearling	lake trout	Big Sound	278375	278375	5
2017	4	2143	Yearling	lake trout	Seneca Lake	97755	97755	2
2017	4	2146	Yearling	lake trout	Big Sound	37298	37298	13
2017	4	2146	Yearling	lake trout	Seneca Lake	32320	32320	1
2017	4	2234	Yearling	rainbow trout	Saugeen River	33437	33437	1
2017	4	2247	Yearling	lake trout	Seneca Lake	32012	32012	1
2017	4	2248	Yearling	lake trout	Seneca Lake	180236	180236	8
2017	5	1736	Yearling	rainbow trout	Wild	5000	5000	1
2017	5	1937	Yearling	rainbow trout	Wild	150000	150000	1
2017	5	2139	Fingerling	chinook salmon	Wild	92521	37008	1
2017	5	2139	Yearling	rainbow trout	Wild	48991	48991	1
2017	5	2234	Yearling	rainbow trout	Wild	56137	56137	21
2017	5	3828	Yearling	brown trout	Ganaraska River	3229	3229	1
2017	5	3828	Yearling	rainbow trout	Ganaraska River	7125	7125	1
2017	5	3926	Yearling	rainbow trout	Ganaraska River	24524	24524	3
2017	5	4022	Adult	brown trout	Ganaraska River	15	15	1
2017	5	4022	Yearling	brown trout	Ganaraska River	17555	17555	5
2017	5	4022	Yearling	rainbow trout	Ganaraska River	14310	14310	3
2018	0	1835	Fingerling	chinook salmon	Wild	7886	3154	1
2018	0	1954	Fingerling	muskellunge	Wild	398	159	1
2018	0	2135	Fingerling	chinook salmon	Wild	15093	6037	1
2018	0	2234	Fingerling	chinook salmon	Wild	26917	10767	1
2018	0	2432	Yearling	brown trout	Unknown	10181	10181	8
2018	0	2631	Fingerling	chinook salmon	Wild	19716	7886	1
2018	2	0331	Yearling	lake trout	Iroquois Bay	2137	2137	1
2018	2	0427	Yearling	lake trout	Lake Manitou	101012	101012	2
2018	2	0521	Yearling	lake trout	Seneca Lake	125092	125092	4
2018	2	0527	Yearling	lake trout	Iroquois Bay	275025	275025	15
2018	2	1246	Yearling	lake trout	Big Sound	130012	130012	4
2018	2	1346	Yearling	lake trout	Big Sound	61140	61140	2
2018	2	1949	Yearling	lake trout	Big Sound	124136	124136	4
2018	2	2143	Yearling	lake trout	Big Sound	300751	300751	5
2018	2	2146	Yearling	lake trout	Seneca Lake	186862	186862	7
2018	2	2247	Yearling	lake trout	Big Sound	22590	22590	1
2018	2	2247	Yearling	lake trout	Seneca Lake	138589	138589	6
2018	2	2248	Yearling	lake trout	Big Sound	67770	67770	2
2018	2	2248	Yearling	lake trout	Seneca Lake	82499	82499	3
2018	5	1736	Yearling	rainbow trout	Wild	5000	5000	1
2018	5	1937	Yearling	rainbow trout	Wild	7280	7280	1
2018	5	2139	Fingerling	chinook salmon	Wild	58990	23596	1
2018	5	2139	Yearling	rainbow trout	Wild	2920	2920	1
2018	5	2234	Yearling	rainbow trout	Wild	72252	72252	25
2018	5	3828	Fingerling	chinook salmon	Wild	17523	7009	1
2018	5	3828	Yearling	rainbow trout	Ganaraska River	4281	4281	1
2018	5	3926	Fingerling	chinook salmon	Wild	20153	8061	1
2018	5	3926	Yearling	rainbow trout	Ganaraska River	7645	7645	2
2018	5	4022	Fingerling	chinook salmon	Wild	21829	8732	1
2018	5	4022	Yearling	rainbow trout	Ganaraska River	4648	4648	1